date,confirmed,recovered,deaths,increase_rate,active_cases,daily_new_confirmed,daily_new_recovered,daily_new_deaths,year,month,month_name,week,day_of_week,days_since_start,prediction_flag,predicted_confirmed
2020-01-22,557.0,30.0,17.0,0.0,510.0,557.0,30.0,17.0,2020,1,Jan,4,Wednesday,0,0,
2020-01-23,657.0,32.0,18.0,17.953321364452425,607.0,100.0,2.0,1.0,2020,1,Jan,4,Thursday,1,0,
2020-01-24,944.0,39.0,26.0,43.68340943683409,879.0,287.0,7.0,8.0,2020,1,Jan,4,Friday,2,0,
2020-01-25,1437.0,42.0,42.0,52.22457627118644,1353.0,493.0,3.0,16.0,2020,1,Jan,4,Saturday,3,0,
2020-01-26,2120.0,56.0,56.0,47.52957550452332,2008.0,683.0,14.0,14.0,2020,1,Jan,4,Sunday,4,0,
2020-01-27,2929.0,65.0,82.0,38.16037735849056,2782.0,809.0,9.0,26.0,2020,1,Jan,5,Monday,5,0,
2020-01-28,5580.0,108.0,131.0,90.5087060430181,5341.0,2651.0,43.0,49.0,2020,1,Jan,5,Tuesday,6,0,
2020-01-29,6169.0,127.0,133.0,10.555555555555555,5909.0,589.0,19.0,2.0,2020,1,Jan,5,Wednesday,7,0,
2020-01-30,8237.0,145.0,171.0,33.52245096449992,7921.0,2068.0,18.0,38.0,2020,1,Jan,5,Thursday,8,0,
2020-01-31,9927.0,225.0,213.0,20.51717858443608,9489.0,1690.0,80.0,42.0,2020,1,Jan,5,Friday,9,0,
2020-02-01,12038.0,287.0,259.0,21.2652362244384,11492.0,2111.0,62.0,46.0,2020,2,Feb,5,Saturday,10,0,
2020-02-02,16787.0,476.0,362.0,39.45007476324971,15949.0,4749.0,189.0,103.0,2020,2,Feb,5,Sunday,11,0,
2020-02-03,19887.0,627.0,426.0,18.466670637993683,18834.0,3100.0,151.0,64.0,2020,2,Feb,6,Monday,12,0,
2020-02-04,23899.0,857.0,492.0,20.173983003972445,22550.0,4012.0,230.0,66.0,2020,2,Feb,6,Tuesday,13,0,
2020-02-05,27644.0,1130.0,564.0,15.670111720155656,25950.0,3745.0,273.0,72.0,2020,2,Feb,6,Wednesday,14,0,
2020-02-06,30806.0,1493.0,634.0,11.438286789176674,28679.0,3162.0,363.0,70.0,2020,2,Feb,6,Thursday,15,0,
2020-02-07,34400.0,2016.0,719.0,11.666558462637148,31665.0,3594.0,523.0,85.0,2020,2,Feb,6,Friday,16,0,
2020-02-08,37131.0,2617.0,806.0,7.938953488372093,33708.0,2731.0,601.0,87.0,2020,2,Feb,6,Saturday,17,0,
2020-02-09,40162.0,3247.0,906.0,8.162990493118958,36009.0,3031.0,630.0,100.0,2020,2,Feb,6,Sunday,18,0,
2020-02-10,42771.0,3949.0,1013.0,6.496190428763509,37809.0,2609.0,702.0,107.0,2020,2,Feb,7,Monday,19,0,
2020-02-11,44814.0,4684.0,1113.0,4.77660096794557,39017.0,2043.0,735.0,100.0,2020,2,Feb,7,Tuesday,20,0,
2020-02-12,45232.0,5151.0,1118.0,0.932744231713304,38963.0,418.0,467.0,5.0,2020,2,Feb,7,Wednesday,21,0,
2020-02-13,60384.0,6294.0,1371.0,33.49840820657941,52719.0,15152.0,1143.0,253.0,2020,2,Feb,7,Thursday,22,0,
2020-02-14,66912.0,8061.0,1523.0,10.81081081081081,57328.0,6528.0,1767.0,152.0,2020,2,Feb,7,Friday,23,0,
2020-02-15,69055.0,9397.0,1666.0,3.202714012434242,57992.0,2143.0,1336.0,143.0,2020,2,Feb,7,Saturday,24,0,
2020-02-16,71238.0,10867.0,1770.0,3.1612482803562383,58601.0,2183.0,1470.0,104.0,2020,2,Feb,7,Sunday,25,0,
2020-02-17,73273.0,12587.0,1868.0,2.856621466071479,58818.0,2035.0,1720.0,98.0,2020,2,Feb,8,Monday,26,0,
2020-02-18,75155.0,14352.0,2008.0,2.568476792270004,58795.0,1882.0,1765.0,140.0,2020,2,Feb,8,Tuesday,27,0,
2020-02-19,75655.0,16123.0,2123.0,0.6652917304237909,57409.0,500.0,1771.0,115.0,2020,2,Feb,8,Wednesday,28,0,
2020-02-20,76216.0,18181.0,2248.0,0.7415240235278567,55787.0,561.0,2058.0,125.0,2020,2,Feb,8,Thursday,29,0,
2020-02-21,76846.0,18894.0,2252.0,0.8265980896399705,55700.0,630.0,713.0,4.0,2020,2,Feb,8,Friday,30,0,
2020-02-22,78608.0,22892.0,2459.0,2.292897483278245,53257.0,1762.0,3998.0,207.0,2020,2,Feb,8,Saturday,31,0,
2020-02-23,78990.0,23397.0,2470.0,0.4859556279259108,53123.0,382.0,505.0,11.0,2020,2,Feb,8,Sunday,32,0,
2020-02-24,79558.0,25229.0,2630.0,0.7190783643499177,51699.0,568.0,1832.0,160.0,2020,2,Feb,9,Monday,33,0,
2020-02-25,80412.0,27907.0,2710.0,1.0734307046431537,49795.0,854.0,2678.0,80.0,2020,2,Feb,9,Tuesday,34,0,
2020-02-26,81385.0,30388.0,2771.0,1.2100184052131524,48226.0,973.0,2481.0,61.0,2020,2,Feb,9,Wednesday,35,0,
2020-02-27,82730.0,33282.0,2814.0,1.6526386926337775,46634.0,1345.0,2894.0,43.0,2020,2,Feb,9,Thursday,36,0,
2020-02-28,84154.0,36714.0,2873.0,1.7212619364196786,44567.0,1424.0,3432.0,59.0,2020,2,Feb,9,Friday,37,0,
2020-02-29,86030.0,39785.0,2943.0,2.229246381633672,43302.0,1876.0,3071.0,70.0,2020,2,Feb,9,Saturday,38,0,
2020-03-01,88410.0,42721.0,2997.0,2.7664768104149715,42692.0,2380.0,2936.0,54.0,2020,3,Mar,9,Sunday,39,0,
2020-03-02,90393.0,45605.0,3086.0,2.2429589412962336,41702.0,1983.0,2884.0,89.0,2020,3,Mar,10,Monday,40,0,
2020-03-03,93004.0,48227.0,3160.0,2.8884980031639618,41617.0,2611.0,2622.0,74.0,2020,3,Mar,10,Tuesday,41,0,
2020-03-04,95329.0,51170.0,3255.0,2.499892477742893,40904.0,2325.0,2943.0,95.0,2020,3,Mar,10,Wednesday,42,0,
2020-03-05,98046.0,53796.0,3348.0,2.850129551343243,40902.0,2717.0,2626.0,93.0,2020,3,Mar,10,Thursday,43,0,
2020-03-06,101976.0,55864.0,3461.0,4.008322624074414,42651.0,3930.0,2068.0,113.0,2020,3,Mar,10,Friday,44,0,
2020-03-07,106122.0,58358.0,3566.0,4.065662508825605,44198.0,4146.0,2494.0,105.0,2020,3,Mar,10,Saturday,45,0,
2020-03-08,109972.0,60695.0,3807.0,3.627899964192157,45470.0,3850.0,2337.0,241.0,2020,3,Mar,10,Sunday,46,0,
2020-03-09,114299.0,62495.0,3997.0,3.934637907831085,47807.0,4327.0,1800.0,190.0,2020,3,Mar,11,Monday,47,0,
2020-03-10,119108.0,64402.0,4273.0,4.207385891390126,50433.0,4809.0,1907.0,276.0,2020,3,Mar,11,Tuesday,48,0,
2020-03-11,126628.0,66999.0,4618.0,6.313597743224636,55011.0,7520.0,2597.0,345.0,2020,3,Mar,11,Wednesday,49,0,
2020-03-12,133383.0,68328.0,4930.0,5.334523170230913,60125.0,6755.0,1329.0,312.0,2020,3,Mar,11,Thursday,50,0,
2020-03-13,146673.0,70255.0,5420.0,9.963788488787928,70998.0,13290.0,1927.0,490.0,2020,3,Mar,11,Friday,51,0,
2020-03-14,157617.0,72622.0,5843.0,7.461495980855372,79152.0,10944.0,2367.0,423.0,2020,3,Mar,11,Saturday,52,0,
2020-03-15,168876.0,76031.0,6496.0,7.143265003140524,86349.0,11259.0,3409.0,653.0,2020,3,Mar,11,Sunday,53,0,
2020-03-16,183394.0,78086.0,7178.0,8.59684028517966,98130.0,14518.0,2055.0,682.0,2020,3,Mar,12,Monday,54,0,
2020-03-17,198691.0,80830.0,7989.0,8.341058049881674,109872.0,15297.0,2744.0,811.0,2020,3,Mar,12,Tuesday,55,0,
2020-03-18,216348.0,83317.0,8907.0,8.886663210714124,124124.0,17657.0,2487.0,918.0,2020,3,Mar,12,Wednesday,56,0,
2020-03-19,243464.0,84958.0,10017.0,12.533510825152067,148489.0,27116.0,1641.0,1110.0,2020,3,Mar,12,Thursday,57,0,
2020-03-20,273008.0,87403.0,11504.0,12.134853612854467,174101.0,29544.0,2445.0,1487.0,2020,3,Mar,12,Friday,58,0,
2020-03-21,305423.0,91650.0,13233.0,11.873278438727072,200540.0,32415.0,4247.0,1729.0,2020,3,Mar,12,Saturday,59,0,
2020-03-22,339895.0,97867.0,14919.0,11.28664180497212,227109.0,34472.0,6217.0,1686.0,2020,3,Mar,12,Sunday,60,0,
2020-03-23,382799.0,98355.0,16886.0,12.622721722885007,267558.0,42904.0,488.0,1967.0,2020,3,Mar,13,Monday,61,0,
2020-03-24,424883.0,107974.0,19201.0,10.993759126852472,297708.0,42084.0,9619.0,2315.0,2020,3,Mar,13,Tuesday,62,0,
2020-03-25,475998.0,113753.0,22022.0,12.03037071382004,340223.0,51115.0,5779.0,2821.0,2020,3,Mar,13,Wednesday,63,0,
2020-03-26,537412.0,122125.0,25058.0,12.902155051071643,390229.0,61414.0,8372.0,3036.0,2020,3,Mar,13,Thursday,64,0,
2020-03-27,601349.0,130910.0,28538.0,11.89720363519981,441901.0,63937.0,8785.0,3480.0,2020,3,Mar,13,Friday,65,0,
2020-03-28,670495.0,139421.0,32374.0,11.498480915408525,498700.0,69146.0,8511.0,3836.0,2020,3,Mar,13,Saturday,66,0,
2020-03-29,726726.0,148877.0,35838.0,8.386490577856657,542011.0,56231.0,9456.0,3464.0,2020,3,Mar,13,Sunday,67,0,
2020-03-30,791975.0,164213.0,39895.0,8.978487077660631,587867.0,65249.0,15336.0,4057.0,2020,3,Mar,14,Monday,68,0,
2020-03-31,870403.0,177803.0,44661.0,9.9028378421036,647939.0,78428.0,13590.0,4766.0,2020,3,Mar,14,Tuesday,69,0,
2020-04-01,951968.0,193075.0,50714.0,9.37094656153529,708179.0,81565.0,15272.0,6053.0,2020,4,Apr,14,Wednesday,70,0,
2020-04-02,1034275.0,210218.0,56593.0,8.645983898618441,767464.0,82307.0,17143.0,5879.0,2020,4,Apr,14,Thursday,71,0,
2020-04-03,1118277.0,225640.0,62818.0,8.12182446641367,829819.0,84002.0,15422.0,6225.0,2020,4,Apr,14,Friday,72,0,
2020-04-04,1178363.0,246052.0,68781.0,5.373087347768039,863530.0,60086.0,20412.0,5963.0,2020,4,Apr,14,Saturday,73,0,
2020-04-05,1250388.0,259888.0,74091.0,6.112293070980674,916409.0,72025.0,13836.0,5310.0,2020,4,Apr,14,Sunday,74,0,
2020-04-06,1324899.0,276597.0,79957.0,5.959030316989606,968345.0,74511.0,16709.0,5866.0,2020,4,Apr,15,Monday,75,0,
2020-04-07,1393878.0,299859.0,88306.0,5.20635912624283,1005713.0,68979.0,23262.0,8349.0,2020,4,Apr,15,Tuesday,76,0,
2020-04-08,1475875.0,328741.0,95132.0,5.882652570741485,1052002.0,81997.0,28882.0,6826.0,2020,4,Apr,15,Wednesday,77,0,
2020-04-09,1562641.0,353995.0,103003.0,5.878953163377657,1105643.0,86766.0,25254.0,7871.0,2020,4,Apr,15,Thursday,78,0,
2020-04-10,1649186.0,375733.0,110565.0,5.538380216569257,1162888.0,86545.0,21738.0,7562.0,2020,4,Apr,15,Friday,79,0,
2020-04-11,1724605.0,401983.0,117084.0,4.5731045497597,1205538.0,75419.0,26250.0,6519.0,2020,4,Apr,15,Saturday,80,0,
2020-04-12,1843412.0,421366.0,122922.0,6.888939786211916,1299124.0,118807.0,19383.0,5838.0,2020,4,Apr,15,Sunday,81,0,
2020-04-13,1915034.0,448623.0,128975.0,3.885295311086181,1337436.0,71622.0,27257.0,6053.0,2020,4,Apr,16,Monday,82,0,
2020-04-14,1999558.0,473697.0,136189.0,4.413707537307432,1389672.0,84524.0,25074.0,7214.0,2020,4,Apr,16,Tuesday,83,0,
2020-04-15,2077371.0,510236.0,144551.0,3.891510023715241,1422584.0,77813.0,36539.0,8362.0,2020,4,Apr,16,Wednesday,84,0,
2020-04-16,2171785.0,541119.0,152026.0,4.5448790803376005,1478640.0,94414.0,30883.0,7475.0,2020,4,Apr,16,Thursday,85,0,
2020-04-17,2259607.0,567303.0,160597.0,4.043770446890461,1531707.0,87822.0,26184.0,8571.0,2020,4,Apr,16,Friday,86,0,
2020-04-18,2337796.0,591169.0,166983.0,3.460291988828146,1579644.0,78189.0,23866.0,6386.0,2020,4,Apr,16,Saturday,87,0,
2020-04-19,2414457.0,622952.0,172419.0,3.279199724869065,1619086.0,76661.0,31783.0,5436.0,2020,4,Apr,16,Sunday,88,0,
2020-04-20,2490365.0,645130.0,178322.0,3.143895294055765,1666913.0,75908.0,22178.0,5903.0,2020,4,Apr,17,Monday,89,0,
2020-04-21,2566638.0,679932.0,185709.0,3.062723737283491,1700997.0,76273.0,34802.0,7387.0,2020,4,Apr,17,Tuesday,90,0,
2020-04-22,2648575.0,710017.0,192772.0,3.1923863045743106,1745786.0,81937.0,30085.0,7063.0,2020,4,Apr,17,Wednesday,91,0,
2020-04-23,2731191.0,738747.0,199676.0,3.11926224479201,1792768.0,82616.0,28730.0,6904.0,2020,4,Apr,17,Thursday,92,0,
2020-04-24,2815227.0,788776.0,206617.0,3.0768994186052896,1819834.0,84036.0,50029.0,6941.0,2020,4,Apr,17,Friday,93,0,
2020-04-25,2898734.0,816531.0,212567.0,2.9662616904427246,1869636.0,83507.0,27755.0,5950.0,2020,4,Apr,17,Saturday,94,0,
2020-04-26,2969606.0,845343.0,216860.0,2.4449294071135883,1907403.0,70872.0,28812.0,4293.0,2020,4,Apr,17,Sunday,95,0,
2020-04-27,3040528.0,873227.0,221730.0,2.388262954748879,1945571.0,70922.0,27884.0,4870.0,2020,4,Apr,18,Monday,96,0,
2020-04-28,3116384.0,906439.0,228524.0,2.4948298453426507,1981421.0,75856.0,33212.0,6794.0,2020,4,Apr,18,Tuesday,97,0,
2020-04-29,3193728.0,948516.0,235484.0,2.481850760368427,2009728.0,77344.0,42077.0,6960.0,2020,4,Apr,18,Wednesday,98,0,
2020-04-30,3277569.0,1013632.0,241546.0,2.625176596128412,2022391.0,83841.0,65116.0,6062.0,2020,4,Apr,18,Thursday,99,0,
2020-05-01,3366610.0,1051789.0,247086.0,2.716678123328601,2067735.0,89041.0,38157.0,5540.0,2020,5,May,18,Friday,100,0,
2020-05-02,3444964.0,1092440.0,252954.0,2.327385708472321,2099570.0,78354.0,40651.0,5868.0,2020,5,May,18,Saturday,101,0,
2020-05-03,3519125.0,1124973.0,256815.0,2.152736574315435,2137337.0,74161.0,32533.0,3861.0,2020,5,May,18,Sunday,102,0,
2020-05-04,3596510.0,1159059.0,261181.0,2.198984122473626,2176270.0,77385.0,34086.0,4366.0,2020,5,May,19,Monday,103,0,
2020-05-05,3676149.0,1195532.0,267419.0,2.2143411251463223,2213198.0,79639.0,36473.0,6238.0,2020,5,May,19,Tuesday,104,0,
2020-05-06,3766683.0,1241651.0,274166.0,2.462740220812595,2250866.0,90534.0,46119.0,6747.0,2020,5,May,19,Wednesday,105,0,
2020-05-07,3855364.0,1281176.0,279841.0,2.354352622718716,2294347.0,88681.0,39525.0,5675.0,2020,5,May,19,Thursday,106,0,
2020-05-08,3945797.0,1317589.0,285765.0,2.345641034153973,2342443.0,90433.0,36413.0,5924.0,2020,5,May,19,Friday,107,0,
2020-05-09,4030371.0,1371030.0,290382.0,2.143394604436062,2368959.0,84574.0,53441.0,4617.0,2020,5,May,19,Saturday,108,0,
2020-05-10,4105624.0,1404839.0,294434.0,1.8671482104252928,2406351.0,75253.0,33809.0,4052.0,2020,5,May,19,Sunday,109,0,
2020-05-11,4181600.0,1451724.0,298258.0,1.8505347786353548,2431618.0,75976.0,46885.0,3824.0,2020,5,May,20,Monday,110,0,
2020-05-12,4266957.0,1488766.0,304137.0,2.0412521522862064,2474054.0,85357.0,37042.0,5879.0,2020,5,May,20,Tuesday,111,0,
2020-05-13,4351290.0,1544638.0,309590.0,1.97642019828182,2497062.0,84333.0,55872.0,5453.0,2020,5,May,20,Wednesday,112,0,
2020-05-14,4446959.0,1584349.0,315235.0,2.198635347218871,2547375.0,95669.0,39711.0,5645.0,2020,5,May,20,Thursday,113,0,
2020-05-15,4543310.0,1632452.0,320957.0,2.1666716513464594,2589901.0,96351.0,48103.0,5722.0,2020,5,May,20,Friday,114,0,
2020-05-16,4637421.0,1688863.0,325507.0,2.0714192956236754,2623051.0,94111.0,56411.0,4550.0,2020,5,May,20,Saturday,115,0,
2020-05-17,4715829.0,1729871.0,329094.0,1.6907673467645057,2656864.0,78408.0,41008.0,3587.0,2020,5,May,20,Sunday,116,0,
2020-05-18,4804897.0,1782787.0,333226.0,1.8887029194654847,2688884.0,89068.0,52916.0,4132.0,2020,5,May,21,Monday,117,0,
2020-05-19,4900710.0,1834839.0,338357.0,1.994069800039418,2727514.0,95813.0,52052.0,5131.0,2020,5,May,21,Tuesday,118,0,
2020-05-20,5006099.0,1893809.0,343748.0,2.1504843175784734,2768542.0,105389.0,58970.0,5391.0,2020,5,May,21,Wednesday,119,0,
2020-05-21,5111870.0,1945029.0,348701.0,2.112842754408173,2818140.0,105771.0,51220.0,4953.0,2020,5,May,21,Thursday,120,0,
2020-05-22,5219114.0,2053576.0,354391.0,2.097940675330163,2811147.0,107244.0,108547.0,5690.0,2020,5,May,21,Friday,121,0,
2020-05-23,5323547.0,2108410.0,358772.0,2.000971812457057,2856365.0,104433.0,54834.0,4381.0,2020,5,May,21,Saturday,122,0,
2020-05-24,5416801.0,2163937.0,362256.0,1.7517268092119782,2890608.0,93254.0,55527.0,3484.0,2020,5,May,21,Sunday,123,0,
2020-05-25,5504948.0,2227666.0,363762.0,1.6272888740051554,2913520.0,88147.0,63729.0,1506.0,2020,5,May,22,Monday,124,0,
2020-05-26,5597804.0,2282818.0,368384.0,1.6867734263793228,2946602.0,92856.0,55152.0,4622.0,2020,5,May,22,Tuesday,125,0,
2020-05-27,5700330.0,2346145.0,373744.0,1.831539653764226,2980441.0,102526.0,63327.0,5360.0,2020,5,May,22,Wednesday,126,0,
2020-05-28,5819995.0,2413008.0,378794.0,2.099264428550628,3028193.0,119665.0,66863.0,5050.0,2020,5,May,22,Thursday,127,0,
2020-05-29,5941625.0,2490273.0,383955.0,2.0898643383714246,3067397.0,121630.0,77265.0,5161.0,2020,5,May,22,Friday,128,0,
2020-05-30,6077041.0,2560723.0,388246.0,2.2791071466139314,3128072.0,135416.0,70450.0,4291.0,2020,5,May,22,Saturday,129,0,
2020-05-31,6180061.0,2637107.0,391387.0,1.6952329266825747,3151567.0,103020.0,76384.0,3141.0,2020,5,May,22,Sunday,130,0,
2020-06-01,6280296.0,2692032.0,395023.0,1.6219095572034,3193241.0,100235.0,54925.0,3636.0,2020,6,Jun,23,Monday,131,0,
2020-06-02,6403453.0,2796144.0,400307.0,1.961006296518508,3207002.0,123157.0,104112.0,5284.0,2020,6,Jun,23,Tuesday,132,0,
2020-06-03,6514705.0,2875235.0,405976.0,1.7373751318234083,3233494.0,111252.0,79091.0,5669.0,2020,6,Jun,23,Wednesday,133,0,
2020-06-04,6652817.0,2945305.0,411408.0,2.12000389887186,3296104.0,138112.0,70070.0,5432.0,2020,6,Jun,23,Thursday,134,0,
2020-06-05,6786463.0,3014470.0,416538.0,2.0088633130897784,3355455.0,133646.0,69165.0,5130.0,2020,6,Jun,23,Friday,135,0,
2020-06-06,6915945.0,3086674.0,420638.0,1.907945272817372,3408633.0,129482.0,72204.0,4100.0,2020,6,Jun,23,Saturday,136,0,
2020-06-07,7026914.0,3141783.0,423764.0,1.6045384976311985,3461367.0,110969.0,55109.0,3126.0,2020,6,Jun,23,Sunday,137,0,
2020-06-08,7129985.0,3293394.0,428095.0,1.4668032083500666,3408496.0,103071.0,151611.0,4331.0,2020,6,Jun,24,Monday,138,0,
2020-06-09,7256297.0,3375664.0,433202.0,1.7715605292297247,3447431.0,126312.0,82270.0,5107.0,2020,6,Jun,24,Tuesday,139,0,
2020-06-10,7393421.0,3454835.0,438638.0,1.889724194034505,3499948.0,137124.0,79171.0,5436.0,2020,6,Jun,24,Wednesday,140,0,
2020-06-11,7529261.0,3540714.0,443725.0,1.837309142817648,3544822.0,135840.0,85879.0,5087.0,2020,6,Jun,24,Thursday,141,0,
2020-06-12,7656733.0,3620434.0,448457.0,1.6930214001081911,3587842.0,127472.0,79720.0,4732.0,2020,6,Jun,24,Friday,142,0,
2020-06-13,7790659.0,3706326.0,452864.0,1.7491272060812362,3631469.0,133926.0,85892.0,4407.0,2020,6,Jun,24,Saturday,143,0,
2020-06-14,7922545.0,3777145.0,456522.0,1.6928734783540134,3688878.0,131886.0,70819.0,3658.0,2020,6,Jun,24,Sunday,144,0,
2020-06-15,8047366.0,3857420.0,460508.0,1.5755164533618933,3729438.0,124821.0,80275.0,3986.0,2020,6,Jun,25,Monday,145,0,
2020-06-16,8191583.0,3955283.0,467638.0,1.792101912600968,3768662.0,144217.0,97863.0,7130.0,2020,6,Jun,25,Tuesday,146,0,
2020-06-17,8334714.0,4074114.0,473117.0,1.7472935328861343,3787483.0,143131.0,118831.0,5479.0,2020,6,Jun,25,Wednesday,147,0,
2020-06-18,8477437.0,4155277.0,478443.0,1.712392290845253,3843717.0,142723.0,81163.0,5326.0,2020,6,Jun,25,Thursday,148,0,
2020-06-19,8658514.0,4250267.0,484794.0,2.1359875632222334,3923453.0,181077.0,94990.0,6351.0,2020,6,Jun,25,Friday,149,0,
2020-06-20,8844374.0,4366121.0,489232.0,2.1465577118660315,3989021.0,185860.0,115854.0,4438.0,2020,6,Jun,25,Saturday,150,0,
2020-06-21,8937379.0,4434807.0,493820.0,1.0515724459413407,4008752.0,93005.0,68686.0,4588.0,2020,6,Jun,25,Sunday,151,0,
2020-06-22,9079532.0,4526440.0,497614.0,1.5905446104501106,4055478.0,142153.0,91633.0,3794.0,2020,6,Jun,26,Monday,152,0,
2020-06-23,9247902.0,4630495.0,503191.0,1.854390732914428,4114216.0,168370.0,104055.0,5577.0,2020,6,Jun,26,Tuesday,153,0,
2020-06-24,9419320.0,4746246.0,508663.0,1.8535879813605287,4164411.0,171418.0,115751.0,5472.0,2020,6,Jun,26,Wednesday,154,0,
2020-06-25,9598762.0,4839130.0,513746.0,1.90504197755252,4245886.0,179442.0,92884.0,5083.0,2020,6,Jun,26,Thursday,155,0,
2020-06-26,9791221.0,4945110.0,518822.0,2.005039816593015,4327289.0,192459.0,105980.0,5076.0,2020,6,Jun,26,Friday,156,0,
2020-06-27,9967566.0,5051396.0,523516.0,1.8010521874646686,4392654.0,176345.0,106286.0,4694.0,2020,6,Jun,26,Saturday,157,0,
2020-06-28,10136032.0,5140599.0,527091.0,1.6901418059333644,4468342.0,168466.0,89203.0,3575.0,2020,6,Jun,26,Sunday,158,0,
2020-06-29,10288517.0,5235170.0,531108.0,1.5043855425870791,4522239.0,152485.0,94571.0,4017.0,2020,6,Jun,27,Monday,159,0,
2020-06-30,10472385.0,5352510.0,536343.0,1.7871185905607194,4583532.0,183868.0,117340.0,5235.0,2020,6,Jun,27,Tuesday,160,0,
2020-07-01,10687359.0,5468424.0,541720.0,2.052770214234866,4677215.0,214974.0,115914.0,5377.0,2020,7,Jul,27,Wednesday,161,0,
2020-07-02,10891991.0,5753358.0,547195.0,1.9147106408608523,4591438.0,204632.0,284934.0,5475.0,2020,7,Jul,27,Thursday,162,0,
2020-07-03,11094487.0,5863246.0,552434.0,1.8591275001971632,4678807.0,202496.0,109888.0,5239.0,2020,7,Jul,27,Friday,163,0,
2020-07-04,11284154.0,6059006.0,557196.0,1.7095607935725194,4667952.0,189667.0,195760.0,4762.0,2020,7,Jul,27,Saturday,164,0,
2020-07-05,11470135.0,6178369.0,560995.0,1.6481607748352247,4730771.0,185981.0,119363.0,3799.0,2020,7,Jul,27,Sunday,165,0,
2020-07-06,11637923.0,6302068.0,565214.0,1.462824979828049,4770641.0,167788.0,123699.0,4219.0,2020,7,Jul,28,Monday,166,0,
2020-07-07,11847615.0,6447101.0,571595.0,1.801799169834686,4828919.0,209692.0,145033.0,6381.0,2020,7,Jul,28,Tuesday,167,0,
2020-07-08,12062729.0,6605157.0,577225.0,1.8156734498884373,4880347.0,215114.0,158056.0,5630.0,2020,7,Jul,28,Wednesday,168,0,
2020-07-09,12286931.0,6739775.0,583029.0,1.858634144893747,4964127.0,224202.0,134618.0,5804.0,2020,7,Jul,28,Thursday,169,0,
2020-07-10,12520121.0,6879221.0,588771.0,1.897870184181876,5052129.0,233190.0,139446.0,5742.0,2020,7,Jul,28,Friday,170,0,
2020-07-11,12732941.0,7004913.0,593874.0,1.6998238275812192,5134154.0,212820.0,125692.0,5103.0,2020,7,Jul,28,Saturday,171,0,
2020-07-12,12925796.0,7116749.0,598161.0,1.5146147304067457,5210886.0,192855.0,111836.0,4287.0,2020,7,Jul,28,Sunday,172,0,
2020-07-13,13119978.0,7257072.0,602539.0,1.5022827220853554,5260367.0,194182.0,140323.0,4378.0,2020,7,Jul,29,Monday,173,0,
2020-07-14,13341228.0,7399324.0,608526.0,1.6863595350540983,5333378.0,221250.0,142252.0,5987.0,2020,7,Jul,29,Tuesday,174,0,
2020-07-15,13570476.0,7559130.0,614423.0,1.7183425693646792,5396923.0,229248.0,159806.0,5897.0,2020,7,Jul,29,Wednesday,175,0,
2020-07-16,13815424.0,7711615.0,620588.0,1.805006692469741,5483221.0,244948.0,152485.0,6165.0,2020,7,Jul,29,Thursday,176,0,
2020-07-17,14052932.0,7895036.0,627582.0,1.719151001084006,5530314.0,237508.0,183421.0,6994.0,2020,7,Jul,29,Friday,177,0,
2020-07-18,14288256.0,8045823.0,634080.0,1.6745544630828642,5608353.0,235324.0,150787.0,6498.0,2020,7,Jul,29,Saturday,178,0,
2020-07-19,14500046.0,8133881.0,638971.0,1.4822662751843192,5727194.0,211790.0,88058.0,4891.0,2020,7,Jul,29,Sunday,179,0,
2020-07-20,14708011.0,8293009.0,642893.0,1.434236829317645,5772109.0,207965.0,159128.0,3922.0,2020,7,Jul,30,Monday,180,0,
2020-07-21,14951217.0,8467705.0,649249.0,1.6535614502871938,5834263.0,243206.0,174696.0,6356.0,2020,7,Jul,30,Tuesday,181,0,
2020-07-22,15226372.0,8647437.0,656622.0,1.8403518589824488,5922313.0,275155.0,179732.0,7373.0,2020,7,Jul,30,Wednesday,182,0,
2020-07-23,15506179.0,8823667.0,663262.0,1.8376472084092,6019250.0,279807.0,176230.0,6640.0,2020,7,Jul,30,Thursday,183,0,
2020-07-24,15789858.0,9051967.0,669717.0,1.8294577922775173,6068174.0,283679.0,228300.0,6455.0,2020,7,Jul,30,Friday,184,0,
2020-07-25,16039878.0,9271779.0,675792.0,1.5834214595216751,6092307.0,250020.0,219812.0,6075.0,2020,7,Jul,30,Saturday,185,0,
2020-07-26,16251880.0,9415080.0,680145.0,1.3217182823959135,6156655.0,212002.0,143301.0,4353.0,2020,7,Jul,30,Sunday,186,0,
2020-07-27,16485974.0,9586463.0,685422.0,1.440411816971329,6214089.0,234094.0,171383.0,5277.0,2020,7,Jul,31,Monday,187,0,
2020-07-28,16750382.0,9756921.0,692366.0,1.6038360851472897,6301095.0,264408.0,170458.0,6944.0,2020,7,Jul,31,Tuesday,188,0,
2020-07-29,17020687.0,9959507.0,699019.0,1.6137243914795496,6362161.0,270305.0,202586.0,6653.0,2020,7,Jul,31,Wednesday,189,0,
2020-07-30,17302404.0,10173026.0,705765.0,1.6551447071437246,6423613.0,281717.0,213519.0,6746.0,2020,7,Jul,31,Thursday,190,0,
2020-07-31,17590145.0,10372632.0,712354.0,1.663011683231995,6505159.0,287741.0,199606.0,6589.0,2020,7,Jul,31,Friday,191,0,
2020-08-01,17836466.0,10553543.0,718356.0,1.400335244536074,6564567.0,246321.0,180911.0,6002.0,2020,8,Aug,31,Saturday,192,0,
2020-08-02,18067265.0,10692267.0,723008.0,1.2939726961607754,6651990.0,230799.0,138724.0,4652.0,2020,8,Aug,31,Sunday,193,0,
2020-08-03,18273134.0,10914712.0,727807.0,1.1394585732815674,6630615.0,205869.0,222445.0,4799.0,2020,8,Aug,32,Monday,194,0,
2020-08-04,18538734.0,11138369.0,734978.0,1.4534999852789343,6665387.0,265600.0,223657.0,7171.0,2020,8,Aug,32,Tuesday,195,0,
2020-08-05,18813900.0,11360064.0,742360.0,1.4842761107635505,6711476.0,275166.0,221695.0,7382.0,2020,8,Aug,32,Wednesday,196,0,
2020-08-06,19100788.0,11548871.0,749183.0,1.5248725676228747,6802734.0,286888.0,188807.0,6823.0,2020,8,Aug,32,Thursday,197,0,
2020-08-07,19383355.0,11740917.0,755920.0,1.47934734420381,6886518.0,282567.0,192046.0,6737.0,2020,8,Aug,32,Friday,198,0,
2020-08-08,19648713.0,11941161.0,761937.0,1.3689993295794254,6945615.0,265358.0,200244.0,6017.0,2020,8,Aug,32,Saturday,199,0,
2020-08-09,19881837.0,12119939.0,767106.0,1.1864593879507528,6994792.0,233124.0,178778.0,5169.0,2020,8,Aug,32,Sunday,200,0,
2020-08-10,20114995.0,12284150.0,772469.0,1.1727185973811172,7058376.0,233158.0,164211.0,5363.0,2020,8,Aug,33,Monday,201,0,
2020-08-11,20380911.0,12589218.0,779101.0,1.321978951523478,7012592.0,265916.0,305068.0,6632.0,2020,8,Aug,33,Tuesday,202,0,
2020-08-12,20655885.0,12829863.0,786048.0,1.3491742346551634,7039974.0,274974.0,240645.0,6947.0,2020,8,Aug,33,Wednesday,203,0,
2020-08-13,20946163.0,12993779.0,792840.0,1.4053041058274676,7159544.0,290278.0,163916.0,6792.0,2020,8,Aug,33,Thursday,204,0,
2020-08-14,21253368.0,13277021.0,799421.0,1.4666409308473345,7176926.0,307205.0,283242.0,6581.0,2020,8,Aug,33,Friday,205,0,
2020-08-15,21502515.0,13445625.0,805439.0,1.1722706725823409,7251451.0,249147.0,168604.0,6018.0,2020,8,Aug,33,Saturday,206,0,
2020-08-16,21712481.0,13678579.0,810225.0,0.9764718220170988,7223677.0,209966.0,232954.0,4786.0,2020,8,Aug,33,Sunday,207,0,
2020-08-17,21925213.0,13889591.0,814842.0,0.9797682724512228,7220780.0,212732.0,211012.0,4617.0,2020,8,Aug,34,Monday,208,0,
2020-08-18,22184889.0,14117186.0,821893.0,1.184371618191349,7245810.0,259676.0,227595.0,7051.0,2020,8,Aug,34,Tuesday,209,0,
2020-08-19,22462185.0,14335183.0,828302.0,1.249931879307577,7298700.0,277296.0,217997.0,6409.0,2020,8,Aug,34,Wednesday,210,0,
2020-08-20,22733750.0,14542973.0,834739.0,1.2089874604808035,7356038.0,271565.0,207790.0,6437.0,2020,8,Aug,34,Thursday,211,0,
2020-08-21,22995385.0,14711467.0,840476.0,1.150866003189091,7443442.0,261635.0,168494.0,5737.0,2020,8,Aug,34,Friday,212,0,
2020-08-22,23259276.0,14921384.0,846274.0,1.1475824388241378,7491618.0,263891.0,209917.0,5798.0,2020,8,Aug,34,Saturday,213,0,
2020-08-23,23461927.0,15137915.0,850586.0,0.8712695958378067,7473426.0,202651.0,216531.0,4312.0,2020,8,Aug,34,Sunday,214,0,
2020-08-24,23689888.0,15337336.0,855405.0,0.9716209585001266,7497147.0,227961.0,199421.0,4819.0,2020,8,Aug,35,Monday,215,0,
2020-08-25,23935409.0,15568885.0,861970.0,1.036395782031557,7504554.0,245521.0,231549.0,6565.0,2020,8,Aug,35,Tuesday,216,0,
2020-08-26,24216938.0,15794619.0,868511.0,1.1762030053465975,7553808.0,281529.0,225734.0,6541.0,2020,8,Aug,35,Wednesday,217,0,
2020-08-27,24504301.0,16001856.0,874717.0,1.1866198773767351,7627728.0,287363.0,207237.0,6206.0,2020,8,Aug,35,Thursday,218,0,
2020-08-28,24788323.0,16200974.0,880534.0,1.1590699934676774,7706815.0,284022.0,199118.0,5817.0,2020,8,Aug,35,Friday,219,0,
2020-08-29,25049249.0,16412387.0,886339.0,1.0526165888672665,7750523.0,260926.0,211413.0,5805.0,2020,8,Aug,35,Saturday,220,0,
2020-08-30,25268736.0,16622627.0,890600.0,0.8762218779493149,7755509.0,219487.0,210240.0,4261.0,2020,8,Aug,35,Sunday,221,0,
2020-08-31,25532930.0,16823417.0,895016.0,1.0455370620833586,7814497.0,264194.0,200790.0,4416.0,2020,8,Aug,36,Monday,222,0,
2020-09-01,25799976.0,17081379.0,901614.0,1.0458885838797192,7816983.0,267046.0,257962.0,6598.0,2020,9,Sep,36,Tuesday,223,0,
2020-09-02,26081699.0,17300616.0,907908.0,1.0919506281711269,7873175.0,281723.0,219237.0,6294.0,2020,9,Sep,36,Wednesday,224,0,
2020-09-03,26367170.0,17521985.0,914006.0,1.0945260889637596,7931179.0,285471.0,221369.0,6098.0,2020,9,Sep,36,Thursday,225,0,
2020-09-04,26668499.0,17735486.0,919857.0,1.1428188918264646,8013156.0,301329.0,213501.0,5851.0,2020,9,Sep,36,Friday,226,0,
2020-09-05,26942595.0,17936474.0,924962.0,1.0277893780223626,8081159.0,274096.0,200988.0,5105.0,2020,9,Sep,36,Saturday,227,0,
2020-09-06,27171440.0,18148265.0,929078.0,0.8493799502238,8094097.0,228845.0,211791.0,4116.0,2020,9,Sep,36,Sunday,228,0,
2020-09-07,27388662.0,18345813.0,938684.0,0.7994497163197828,8104165.0,217222.0,197548.0,9606.0,2020,9,Sep,37,Monday,229,0,
2020-09-08,27635123.0,18547610.0,943817.0,0.8998650609511337,8143696.0,246461.0,201797.0,5133.0,2020,9,Sep,37,Tuesday,230,0,
2020-09-09,27920213.0,18787877.0,950075.0,1.0316219688980577,8182261.0,285090.0,240267.0,6258.0,2020,9,Sep,37,Wednesday,231,0,
2020-09-10,28224541.0,19004538.0,956075.0,1.0899916845190256,8263928.0,304328.0,216661.0,6000.0,2020,9,Sep,37,Thursday,232,0,
2020-09-11,28540587.0,19228208.0,962068.0,1.1197560307535204,8350311.0,316046.0,223670.0,5993.0,2020,9,Sep,37,Friday,233,0,
2020-09-12,28829539.0,19451142.0,967111.0,1.0124248670848992,8411286.0,288952.0,222934.0,5043.0,2020,9,Sep,37,Saturday,234,0,
2020-09-13,29077878.0,19638990.0,971055.0,0.8614046863531186,8467833.0,248339.0,187848.0,3944.0,2020,9,Sep,37,Sunday,235,0,
2020-09-14,29344683.0,19867489.0,975643.0,0.9175531997211076,8501551.0,266805.0,228499.0,4588.0,2020,9,Sep,38,Monday,236,0,
2020-09-15,29625452.0,20093776.0,982216.0,0.9567968411858462,8549460.0,280769.0,226287.0,6573.0,2020,9,Sep,38,Tuesday,237,0,
2020-09-16,29930181.0,20323253.0,988076.0,1.028605403218827,8618852.0,304729.0,229477.0,5860.0,2020,9,Sep,38,Wednesday,238,0,
2020-09-17,30245688.0,20543464.0,993715.0,1.0541433077200568,8708509.0,315507.0,220211.0,5639.0,2020,9,Sep,38,Thursday,239,0,
2020-09-18,30572221.0,20794613.0,999566.0,1.079601826217344,8778042.0,326533.0,251149.0,5851.0,2020,9,Sep,38,Friday,240,0,
2020-09-19,30865470.0,21031598.0,1004872.0,0.9592008379109912,8829000.0,293249.0,236985.0,5306.0,2020,9,Sep,38,Saturday,241,0,
2020-09-20,31120345.0,21268675.0,1008828.0,0.8257609555273255,8842842.0,254875.0,237077.0,3956.0,2020,9,Sep,38,Sunday,242,0,
2020-09-21,31379958.0,21514153.0,1013231.0,0.8342227568492573,8852574.0,259613.0,245478.0,4403.0,2020,9,Sep,39,Monday,243,0,
2020-09-22,31664541.0,21733546.0,1019388.0,0.906894139246458,8911607.0,284583.0,219393.0,6157.0,2020,9,Sep,39,Tuesday,244,0,
2020-09-23,31976037.0,21996959.0,1025913.0,0.9837376136290747,8953165.0,311496.0,263413.0,6525.0,2020,9,Sep,39,Wednesday,245,0,
2020-09-24,32296990.0,22252629.0,1031593.0,1.003729761758782,9012768.0,320953.0,255670.0,5680.0,2020,9,Sep,39,Thursday,246,0,
2020-09-25,32627024.0,22491837.0,1037605.0,1.0218723168939272,9097582.0,330034.0,239208.0,6012.0,2020,9,Sep,39,Friday,247,0,
2020-09-26,32912811.0,22753980.0,1043037.0,0.8759211382564343,9115794.0,285787.0,262143.0,5432.0,2020,9,Sep,39,Saturday,248,0,
2020-09-27,33159736.0,22967859.0,1046878.0,0.7502397774532232,9144999.0,246925.0,213879.0,3841.0,2020,9,Sep,39,Sunday,249,0,
2020-09-28,33422170.0,23190401.0,1050951.0,0.7914236711655365,9180818.0,262434.0,222542.0,4073.0,2020,9,Sep,40,Monday,250,0,
2020-09-29,33704894.0,23431685.0,1057046.0,0.8459175451504196,9216163.0,282724.0,241284.0,6095.0,2020,9,Sep,40,Tuesday,251,0,
2020-09-30,34029080.0,23679903.0,1063488.0,0.9618365807647994,9285689.0,324186.0,248218.0,6442.0,2020,9,Sep,40,Wednesday,252,0,
2020-10-01,34348139.0,23901445.0,1072373.0,0.9376068938684208,9374321.0,319059.0,221542.0,8885.0,2020,10,Oct,40,Thursday,253,0,
2020-10-02,34677414.0,24073730.0,1077969.0,0.9586400008454607,9525715.0,329275.0,172285.0,5596.0,2020,10,Oct,40,Friday,254,0,
2020-10-03,34974941.0,24329331.0,1082692.0,0.8579849696981442,9562918.0,297527.0,255601.0,4723.0,2020,10,Oct,40,Saturday,255,0,
2020-10-04,35234912.0,24551490.0,1086683.0,0.7433064719108461,9596739.0,259971.0,222159.0,3991.0,2020,10,Oct,40,Sunday,256,0,
2020-10-05,35545699.0,24788958.0,1093722.0,0.8820427875625175,9663019.0,310787.0,237468.0,7039.0,2020,10,Oct,41,Monday,257,0,
2020-10-06,35861625.0,25021584.0,1099576.0,0.8887882609932639,9740465.0,315926.0,232626.0,5854.0,2020,10,Oct,41,Tuesday,258,0,
2020-10-07,36210456.0,25276775.0,1105467.0,0.972713868933714,9828214.0,348831.0,255191.0,5891.0,2020,10,Oct,41,Wednesday,259,0,
2020-10-08,36569609.0,25496281.0,1111833.0,0.991848873706534,9961495.0,359153.0,219506.0,6366.0,2020,10,Oct,41,Thursday,260,0,
2020-10-09,36929540.0,25703071.0,1118024.0,0.9842352976757284,10108445.0,359931.0,206790.0,6191.0,2020,10,Oct,41,Friday,261,0,
2020-10-10,37285319.0,25898476.0,1122904.0,0.9633994899476136,10263939.0,355779.0,195405.0,4880.0,2020,10,Oct,41,Saturday,262,0,
2020-10-11,37574472.0,26121116.0,1127028.0,0.7755143519088572,10326328.0,289153.0,222640.0,4124.0,2020,10,Oct,41,Sunday,263,0,
2020-10-12,37863592.0,26321235.0,1131078.0,0.7694585834765689,10411279.0,289120.0,200119.0,4050.0,2020,10,Oct,42,Monday,264,0,
2020-10-13,38182789.0,26513680.0,1136463.0,0.8430182746528644,10532646.0,319197.0,192445.0,5385.0,2020,10,Oct,42,Tuesday,265,0,
2020-10-14,38562868.0,26725965.0,1142654.0,0.9954196902693514,10694249.0,380079.0,212285.0,6191.0,2020,10,Oct,42,Wednesday,266,0,
2020-10-15,38969780.0,26933292.0,1148837.0,1.0551912269595716,10887651.0,406912.0,207327.0,6183.0,2020,10,Oct,42,Thursday,267,0,
2020-10-16,39379895.0,27136306.0,1155025.0,1.052392392258822,11088564.0,410115.0,203014.0,6188.0,2020,10,Oct,42,Friday,268,0,
2020-10-17,39752176.0,27334589.0,1160737.0,0.9453580310460452,11256850.0,372281.0,198283.0,5712.0,2020,10,Oct,42,Saturday,269,0,
2020-10-18,40083148.0,27536100.0,1164590.0,0.8325883845956006,11382458.0,330972.0,201511.0,3853.0,2020,10,Oct,42,Sunday,270,0,
2020-10-19,40456878.0,27738631.0,1169292.0,0.9323868474601844,11548955.0,373730.0,202531.0,4702.0,2020,10,Oct,43,Monday,271,0,
2020-10-20,40845321.0,27950078.0,1175943.0,0.9601408195659586,11719300.0,388443.0,211447.0,6651.0,2020,10,Oct,43,Tuesday,272,0,
2020-10-21,41284309.0,28161300.0,1182798.0,1.0747571306882373,11940211.0,438988.0,211222.0,6855.0,2020,10,Oct,43,Wednesday,273,0,
2020-10-22,41766204.0,28388093.0,1188695.0,1.1672594544334025,12189416.0,481895.0,226793.0,5897.0,2020,10,Oct,43,Thursday,274,0,
2020-10-23,42259529.0,28594827.0,1195788.0,1.181158335576774,12468914.0,493325.0,206734.0,7093.0,2020,10,Oct,43,Friday,275,0,
2020-10-24,42716464.0,28806408.0,1201651.0,1.0812590930675068,12708405.0,456935.0,211581.0,5863.0,2020,10,Oct,43,Saturday,276,0,
2020-10-25,43075336.0,29003666.0,1205906.0,0.8401257182710629,12865764.0,358872.0,197258.0,4255.0,2020,10,Oct,43,Sunday,277,0,
2020-10-26,43558104.0,29242801.0,1211520.0,1.120752720303795,13103783.0,482768.0,239135.0,5614.0,2020,10,Oct,44,Monday,278,0,
2020-10-27,44025232.0,29832506.0,1218996.0,1.0724250072960018,12973730.0,467128.0,589705.0,7476.0,2020,10,Oct,44,Tuesday,279,0,
2020-10-28,44545397.0,30098468.0,1226179.0,1.1815156363060166,13220750.0,520165.0,265962.0,7183.0,2020,10,Oct,44,Wednesday,280,0,
2020-10-29,45095600.0,30345219.0,1233380.0,1.2351511874504115,13517001.0,550203.0,246751.0,7201.0,2020,10,Oct,44,Thursday,281,0,
2020-10-30,45667520.0,30600993.0,1241057.0,1.268239029971882,13825470.0,571920.0,255774.0,7677.0,2020,10,Oct,44,Friday,282,0,
2020-10-31,46140588.0,30845322.0,1247660.0,1.035895971578925,14047606.0,473068.0,244329.0,6603.0,2020,10,Oct,44,Saturday,283,0,
2020-11-01,46578413.0,31103269.0,1252779.0,0.9488934124549953,14222365.0,437825.0,257947.0,5119.0,2020,11,Nov,44,Sunday,284,0,
2020-11-02,47124212.0,31383406.0,1258854.0,1.1717853074985618,14481952.0,545799.0,280137.0,6075.0,2020,11,Nov,45,Monday,285,0,
2020-11-03,47687439.0,31634979.0,1268427.0,1.1951966432881678,14784033.0,563227.0,251573.0,9573.0,2020,11,Nov,45,Tuesday,286,0,
2020-11-04,48179325.0,31914298.0,1278499.0,1.031479170017916,14986528.0,491886.0,279319.0,10072.0,2020,11,Nov,45,Wednesday,287,0,
2020-11-05,48797426.0,32217953.0,1287166.0,1.282917517005479,15292307.0,618101.0,303655.0,8667.0,2020,11,Nov,45,Thursday,288,0,
2020-11-06,49418108.0,32506314.0,1296318.0,1.271956434751292,15615476.0,620682.0,288361.0,9152.0,2020,11,Nov,45,Friday,289,0,
2020-11-07,50018687.0,32805330.0,1304068.0,1.215301484225175,15909289.0,600579.0,299016.0,7750.0,2020,11,Nov,45,Saturday,290,0,
2020-11-08,50508065.0,33058570.0,1310158.0,0.9783903363956756,16139337.0,489378.0,253240.0,6090.0,2020,11,Nov,45,Sunday,291,0,
2020-11-09,51015418.0,33315623.0,1317391.0,1.004498984469114,16382404.0,507353.0,257053.0,7233.0,2020,11,Nov,46,Monday,292,0,
2020-11-10,51584111.0,33572983.0,1327237.0,1.1147473103131291,16683891.0,568693.0,257360.0,9846.0,2020,11,Nov,46,Tuesday,293,0,
2020-11-11,52207978.0,33953207.0,1337787.0,1.2094169850092018,16916984.0,623867.0,380224.0,10550.0,2020,11,Nov,46,Wednesday,294,0,
2020-11-12,52849166.0,34179446.0,1347560.0,1.2281417985580672,17322160.0,641188.0,226239.0,9773.0,2020,11,Nov,46,Thursday,295,0,
2020-11-13,53511432.0,34481578.0,1357352.0,1.2531247891404758,17672502.0,662266.0,302132.0,9792.0,2020,11,Nov,46,Friday,296,0,
2020-11-14,54098149.0,34759397.0,1366475.0,1.096433001456586,17972277.0,586717.0,277819.0,9123.0,2020,11,Nov,46,Saturday,297,0,
2020-11-15,54588232.0,34990157.0,1373087.0,0.9059145443220248,18224988.0,490083.0,230760.0,6612.0,2020,11,Nov,46,Sunday,298,0,
2020-11-16,55110823.0,35380887.0,1380828.0,0.957332708632146,18349108.0,522591.0,390730.0,7741.0,2020,11,Nov,47,Monday,299,0,
2020-11-17,55711730.0,35814478.0,1391876.0,1.0903611437629956,18505376.0,600907.0,433591.0,11048.0,2020,11,Nov,47,Tuesday,300,0,
2020-11-18,56333473.0,36177588.0,1403334.0,1.116000167289725,18752551.0,621743.0,363110.0,11458.0,2020,11,Nov,47,Wednesday,301,0,
2020-11-19,56987275.0,36551887.0,1414453.0,1.1605923888271543,19020935.0,653802.0,374299.0,11119.0,2020,11,Nov,47,Thursday,302,0,
2020-11-20,57662075.0,36907311.0,1426213.0,1.1841239996121942,19328551.0,674800.0,355424.0,11760.0,2020,11,Nov,47,Friday,303,0,
2020-11-21,58256749.0,37246581.0,1435353.0,1.0313087068059898,19574815.0,594674.0,339270.0,9140.0,2020,11,Nov,47,Saturday,304,0,
2020-11-22,58755072.0,37520305.0,1442824.0,0.8553910208755384,19791943.0,498323.0,273724.0,7471.0,2020,11,Nov,47,Sunday,305,0,
2020-11-23,59284353.0,37931518.0,1451132.0,0.9008260597485098,19901703.0,529281.0,411213.0,8308.0,2020,11,Nov,48,Monday,306,0,
2020-11-24,59875565.0,38303697.0,1463736.0,0.9972479584958952,20108132.0,591212.0,372179.0,12604.0,2020,11,Nov,48,Tuesday,307,0,
2020-11-25,60492652.0,38741107.0,1475890.0,1.0306157445027866,20275655.0,617087.0,437410.0,12154.0,2020,11,Nov,48,Wednesday,308,0,
2020-11-26,61086033.0,39107983.0,1486891.0,0.9809141778079096,20491159.0,593381.0,366876.0,11001.0,2020,11,Nov,48,Thursday,309,0,
2020-11-27,61780326.0,39489609.0,1498394.0,1.1365822364009135,20792323.0,694293.0,381626.0,11503.0,2020,11,Nov,48,Friday,310,0,
2020-11-28,62388284.0,39849315.0,1507860.0,0.98406408538537,21031109.0,607958.0,359706.0,9466.0,2020,11,Nov,48,Saturday,311,0,
2020-11-29,62884434.0,40167598.0,1515172.0,0.7952614949306828,21201664.0,496150.0,318283.0,7312.0,2020,11,Nov,48,Sunday,312,0,
2020-11-30,63386344.0,40569854.0,1523873.0,0.7981466446847562,21292617.0,501910.0,402256.0,8701.0,2020,11,Nov,49,Monday,313,0,
2020-12-01,64000159.0,41046058.0,1536532.0,0.9683710421916746,21417569.0,613815.0,476204.0,12659.0,2020,12,Dec,49,Tuesday,314,0,
2020-12-02,64639978.0,41508984.0,1549160.0,0.9997147038337828,21581834.0,639819.0,462926.0,12628.0,2020,12,Dec,49,Wednesday,315,0,
2020-12-03,65331254.0,41935968.0,1561779.0,1.0694248689255432,21833507.0,691276.0,426984.0,12619.0,2020,12,Dec,49,Thursday,316,0,
2020-12-04,66028169.0,42426585.0,1574187.0,1.066740583304891,22027397.0,696915.0,490617.0,12408.0,2020,12,Dec,49,Friday,317,0,
2020-12-05,66672388.0,42862533.0,1584737.0,0.9756729737576094,22225118.0,644219.0,435948.0,10550.0,2020,12,Dec,49,Saturday,318,0,
2020-12-06,67216584.0,43178577.0,1592557.0,0.8162239516604685,22445450.0,544196.0,316044.0,7820.0,2020,12,Dec,49,Sunday,319,0,
2020-12-07,67750014.0,43591716.0,1600972.0,0.7935987940119063,22557326.0,533430.0,413139.0,8415.0,2020,12,Dec,50,Monday,320,0,
2020-12-08,68380626.0,44032487.0,1613132.0,0.9307924275853288,22735007.0,630612.0,440771.0,12160.0,2020,12,Dec,50,Tuesday,321,0,
2020-12-09,69046486.0,44458967.0,1625916.0,0.9737553440941006,22961603.0,665860.0,426480.0,12784.0,2020,12,Dec,50,Wednesday,322,0,
2020-12-10,70543194.0,44950193.0,1638408.0,2.167681639873751,23954593.0,1496708.0,491226.0,12492.0,2020,12,Dec,50,Thursday,323,0,
2020-12-11,71251444.0,45428333.0,1651556.0,1.0039948006890644,24171555.0,708250.0,478140.0,13148.0,2020,12,Dec,50,Friday,324,0,
2020-12-12,71901650.0,46933276.0,1662469.0,0.9125513301877785,23305905.0,650206.0,1504943.0,10913.0,2020,12,Dec,50,Saturday,325,0,
2020-12-13,72441140.0,47328395.0,1670406.0,0.750316578270457,23442339.0,539490.0,395119.0,7937.0,2020,12,Dec,50,Sunday,326,0,
2020-12-14,72992271.0,41338398.0,1679234.0,0.7607983529800885,29974639.0,551131.0,0.0,8828.0,2020,12,Dec,51,Monday,327,0,
2020-12-15,73639542.0,41696562.0,1692579.0,0.8867664906603605,30250401.0,647271.0,358164.0,13345.0,2020,12,Dec,51,Tuesday,328,0,
2020-12-16,74357765.0,42058782.0,1706670.0,0.9753224700935808,30592313.0,718223.0,362220.0,14091.0,2020,12,Dec,51,Wednesday,329,0,
2020-12-17,75096946.0,42434191.0,1719993.0,0.9940871676280212,30942762.0,739181.0,375409.0,13323.0,2020,12,Dec,51,Thursday,330,0,
2020-12-18,75819294.0,42751919.0,1733005.0,0.9618873182938756,31334370.0,722348.0,317728.0,13012.0,2020,12,Dec,51,Friday,331,0,
2020-12-19,76455347.0,43103505.0,1744311.0,0.8389065189660035,31607531.0,636053.0,351586.0,11306.0,2020,12,Dec,51,Saturday,332,0,
2020-12-20,77003179.0,43380334.0,1752546.0,0.7165385044946562,31870299.0,547832.0,276829.0,8235.0,2020,12,Dec,51,Sunday,333,0,
2020-12-21,77549228.0,43723554.0,1761625.0,0.7091252687113087,32064049.0,546049.0,343220.0,9079.0,2020,12,Dec,52,Monday,334,0,
2020-12-22,78201068.0,44086739.0,1775566.0,0.8405499536371916,32338763.0,651840.0,363185.0,13941.0,2020,12,Dec,52,Tuesday,335,0,
2020-12-23,78883803.0,44410879.0,1789509.0,0.8730507363403273,32683415.0,682735.0,324140.0,13943.0,2020,12,Dec,52,Wednesday,336,0,
2020-12-24,79579153.0,44725551.0,1801705.0,0.881486406024314,33051897.0,695350.0,314672.0,12196.0,2020,12,Dec,52,Thursday,337,0,
2020-12-25,80098228.0,45017157.0,1810601.0,0.6522751002388779,33270470.0,519075.0,291606.0,8896.0,2020,12,Dec,52,Friday,338,0,
2020-12-26,80605026.0,45425321.0,1818041.0,0.6327206139941074,33361664.0,506798.0,408164.0,7440.0,2020,12,Dec,52,Saturday,339,0,
2020-12-27,81017977.0,45717709.0,1825789.0,0.5123142073051375,33474479.0,412951.0,292388.0,7748.0,2020,12,Dec,52,Sunday,340,0,
2020-12-28,81516474.0,46016135.0,1834888.0,0.6152918382546135,33665451.0,498497.0,298426.0,9099.0,2020,12,Dec,53,Monday,341,0,
2020-12-29,82187305.0,46369230.0,1849717.0,0.8229391766871565,33968358.0,670831.0,353095.0,14829.0,2020,12,Dec,53,Tuesday,342,0,
2020-12-30,82913042.0,46757475.0,1865432.0,0.8830281026978559,34290135.0,725737.0,388245.0,15715.0,2020,12,Dec,53,Wednesday,343,0,
2020-12-31,83753075.0,47055807.0,1879122.0,1.013149415022066,34818146.0,840033.0,298332.0,13690.0,2020,12,Dec,53,Thursday,344,0,
2021-01-01,84341129.0,47359111.0,1889077.0,0.7021282502164845,35092941.0,588054.0,303304.0,9955.0,2021,1,Jan,53,Friday,345,0,
2021-01-02,84921890.0,47614296.0,1897496.0,0.6885857551183598,35410098.0,580761.0,255185.0,8419.0,2021,1,Jan,53,Saturday,346,0,
2021-01-03,85442114.0,47882778.0,1905134.0,0.6125911705450738,35654202.0,520224.0,268482.0,7638.0,2021,1,Jan,53,Sunday,347,0,
2021-01-04,85998532.0,48173186.0,1914530.0,0.6512221830091891,35910816.0,556418.0,290408.0,9396.0,2021,1,Jan,1,Monday,348,0,
2021-01-05,86740208.0,48488547.0,1929931.0,0.8624286749452885,36321730.0,741676.0,315361.0,15401.0,2021,1,Jan,1,Tuesday,349,0,
2021-01-06,87531297.0,48801672.0,1944927.0,0.912021100986984,36784698.0,791089.0,313125.0,14996.0,2021,1,Jan,1,Wednesday,350,0,
2021-01-07,88402136.0,49125603.0,1959982.0,0.9948887196313336,37316551.0,870839.0,323931.0,15055.0,2021,1,Jan,1,Thursday,351,0,
2021-01-08,89238832.0,49422866.0,1975521.0,0.9464658184277358,37840445.0,836696.0,297263.0,15539.0,2021,1,Jan,1,Friday,352,0,
2021-01-09,89996683.0,49753111.0,1988855.0,0.8492390397937973,38254717.0,757851.0,330245.0,13334.0,2021,1,Jan,1,Saturday,353,0,
2021-01-10,90598523.0,50023661.0,1997796.0,0.6687357577389825,38577066.0,601840.0,270550.0,8941.0,2021,1,Jan,1,Sunday,354,0,
2021-01-11,91212596.0,50313949.0,2007354.0,0.6777958179296146,38891293.0,614073.0,290288.0,9558.0,2021,1,Jan,2,Monday,355,0,
2021-01-12,91904578.0,50657506.0,2024302.0,0.7586474131270203,39222770.0,691982.0,343557.0,16948.0,2021,1,Jan,2,Tuesday,356,0,
2021-01-13,92648667.0,51023567.0,2041022.0,0.8096321382379885,39584078.0,744089.0,366061.0,16720.0,2021,1,Jan,2,Wednesday,357,0,
2021-01-14,93409890.0,51396412.0,2056610.0,0.8216232619946923,39956868.0,761223.0,372845.0,15588.0,2021,1,Jan,2,Thursday,358,0,
2021-01-15,94194314.0,51717034.0,2072243.0,0.8397654680890857,40405037.0,784424.0,320622.0,15633.0,2021,1,Jan,2,Friday,359,0,
2021-01-16,94852162.0,52034089.0,2086164.0,0.6983945973639131,40731909.0,657848.0,317055.0,13921.0,2021,1,Jan,2,Saturday,360,0,
2021-01-17,95379938.0,52349804.0,2095253.0,0.5564195785015422,40934881.0,527776.0,315715.0,9089.0,2021,1,Jan,2,Sunday,361,0,
2021-01-18,95896595.0,52668557.0,2104872.0,0.5416830948244065,41123166.0,516657.0,318753.0,9619.0,2021,1,Jan,3,Monday,362,0,
2021-01-19,96489830.0,53071501.0,2120725.0,0.6186194619318861,41297604.0,593235.0,402944.0,15853.0,2021,1,Jan,3,Tuesday,363,0,
2021-01-20,97176788.0,53399272.0,2138868.0,0.7119486063971716,41638648.0,686958.0,327771.0,18143.0,2021,1,Jan,3,Wednesday,364,0,
2021-01-21,97846151.0,53765411.0,2156151.0,0.6888095539852583,41924589.0,669363.0,366139.0,17283.0,2021,1,Jan,3,Thursday,365,0,
2021-01-22,98510412.0,54147168.0,2172232.0,0.6788831172316631,42191012.0,664261.0,381757.0,16081.0,2021,1,Jan,3,Friday,366,0,
2021-01-23,99087798.0,54463661.0,2186850.0,0.5861167243925445,42437287.0,577386.0,316493.0,14618.0,2021,1,Jan,3,Saturday,367,0,
2021-01-24,99549884.0,54774618.0,2195957.0,0.4663399624643994,42579309.0,462086.0,310957.0,9107.0,2021,1,Jan,3,Sunday,368,0,
2021-01-25,100030792.0,55089059.0,2206362.0,0.4830824313165447,42735371.0,480908.0,314441.0,10405.0,2021,1,Jan,4,Monday,369,0,
2021-01-26,100592320.0,55418602.0,2224173.0,0.5613551475229748,42949545.0,561528.0,329543.0,17811.0,2021,1,Jan,4,Tuesday,370,0,
2021-01-27,101193735.0,55759371.0,2241615.0,0.5978736746503113,43192749.0,601415.0,340769.0,17442.0,2021,1,Jan,4,Wednesday,371,0,
2021-01-28,101808776.0,56075030.0,2258177.0,0.6077856499713149,43475569.0,615041.0,315659.0,16562.0,2021,1,Jan,4,Thursday,372,0,
2021-01-29,102398247.0,56439137.0,2273979.0,0.5789982191712039,43685131.0,589471.0,364107.0,15802.0,2021,1,Jan,4,Friday,373,0,
2021-01-30,102913518.0,56790303.0,2287429.0,0.5032029503395697,43835786.0,515271.0,351166.0,13450.0,2021,1,Jan,4,Saturday,374,0,
2021-01-31,103310123.0,57079202.0,2296527.0,0.3853769725372715,43934394.0,396605.0,288899.0,9098.0,2021,1,Jan,4,Sunday,375,0,
2021-02-01,103752688.0,57351844.0,2306150.0,0.4283849318425455,44094694.0,442565.0,272642.0,9623.0,2021,2,Feb,5,Monday,376,0,
2021-02-02,104217880.0,57702034.0,2321484.0,0.4483662148589345,44194362.0,465192.0,350190.0,15334.0,2021,2,Feb,5,Tuesday,377,0,
2021-02-03,104743426.0,58031881.0,2337679.0,0.5042762335983039,44373866.0,525546.0,329847.0,16195.0,2021,2,Feb,5,Wednesday,378,0,
2021-02-04,105215449.0,58325870.0,2350625.0,0.4506468978778677,44538954.0,472023.0,293989.0,12946.0,2021,2,Feb,5,Thursday,379,0,
2021-02-05,105752476.0,58607157.0,2367926.0,0.5104069840542143,44777393.0,537027.0,281287.0,17301.0,2021,2,Feb,5,Friday,380,0,
2021-02-06,106188323.0,58901714.0,2379783.0,0.4121388136576584,44906826.0,435847.0,294557.0,11857.0,2021,2,Feb,5,Saturday,381,0,
2021-02-07,106540137.0,59179149.0,2387143.0,0.3313113815725294,44973845.0,351814.0,277435.0,7360.0,2021,2,Feb,5,Sunday,382,0,
2021-02-08,106879564.0,59411983.0,2396212.0,0.3185907298016709,45071369.0,339427.0,232834.0,9069.0,2021,2,Feb,6,Monday,383,0,
2021-02-09,107286701.0,59783591.0,2411279.0,0.3809306332873888,45091831.0,407137.0,371608.0,15067.0,2021,2,Feb,6,Tuesday,384,0,
2021-02-10,107727017.0,60052899.0,2425448.0,0.4104106062502565,45248670.0,440316.0,269308.0,14169.0,2021,2,Feb,6,Wednesday,385,0,
2021-02-11,108171909.0,60328984.0,2439315.0,0.4129808959622451,45403610.0,444892.0,276085.0,13867.0,2021,2,Feb,6,Thursday,386,0,
2021-02-12,108602636.0,60616583.0,2452310.0,0.3981874813728211,45533743.0,430727.0,287599.0,12995.0,2021,2,Feb,6,Friday,387,0,
2021-02-13,108983366.0,60862826.0,2463034.0,0.3505716012270641,45657506.0,380730.0,246243.0,10724.0,2021,2,Feb,6,Saturday,388,0,
2021-02-14,109292190.0,61058257.0,2469761.0,0.2833680141609867,45764172.0,308824.0,195431.0,6727.0,2021,2,Feb,6,Sunday,389,0,
2021-02-15,109572409.0,61346870.0,2477164.0,0.2563943498615958,45748375.0,280219.0,288613.0,7403.0,2021,2,Feb,7,Monday,390,0,
2021-02-16,109931831.0,61582275.0,2488491.0,0.3280223582562651,45861065.0,359422.0,235405.0,11327.0,2021,2,Feb,7,Tuesday,391,0,
2021-02-17,110318342.0,61876216.0,2500087.0,0.3515915240236469,45942039.0,386511.0,293941.0,11596.0,2021,2,Feb,7,Wednesday,392,0,
2021-02-18,110729640.0,62112834.0,2512001.0,0.3728283008459283,46104805.0,411298.0,236618.0,11914.0,2021,2,Feb,7,Thursday,393,0,
2021-02-19,111139580.0,62347470.0,2523693.0,0.370217043964019,46268417.0,409940.0,234636.0,11692.0,2021,2,Feb,7,Friday,394,0,
2021-02-20,111515230.0,62616686.0,2532767.0,0.3379983980504515,46365777.0,375650.0,269216.0,9074.0,2021,2,Feb,7,Saturday,395,0,
2021-02-21,111834482.0,62833943.0,2539343.0,0.2862855593805438,46461196.0,319252.0,217257.0,6576.0,2021,2,Feb,7,Sunday,396,0,
2021-02-22,112129135.0,63016513.0,2546356.0,0.2634724055859623,46566266.0,294653.0,182570.0,7013.0,2021,2,Feb,8,Monday,397,0,
2021-02-23,112522443.0,63295143.0,2558026.0,0.3507634300398375,46669274.0,393308.0,278630.0,11670.0,2021,2,Feb,8,Tuesday,398,0,
2021-02-24,112967480.0,63504602.0,2570562.0,0.3955095429273607,46892316.0,445037.0,209459.0,12536.0,2021,2,Feb,8,Wednesday,399,0,
2021-02-25,113421072.0,63732294.0,2581421.0,0.401524403306155,47107357.0,453592.0,227692.0,10859.0,2021,2,Feb,8,Thursday,400,0,
2021-02-26,113863138.0,63992562.0,2591996.0,0.3897564995682637,47278580.0,442066.0,260268.0,10575.0,2021,2,Feb,8,Friday,401,0,
2021-02-27,114260988.0,64243284.0,2600691.0,0.3494107109537065,47417013.0,397850.0,250722.0,8695.0,2021,2,Feb,8,Saturday,402,0,
2021-02-28,114569813.0,64418461.0,2607029.0,0.27028035150545,47544323.0,308825.0,175177.0,6338.0,2021,2,Feb,8,Sunday,403,0,
2021-03-01,114874850.0,64633387.0,2614416.0,0.2662455249010488,47627047.0,305037.0,214926.0,7387.0,2021,3,Mar,9,Monday,404,0,
2021-03-02,115188425.0,64903491.0,2624772.0,0.2729709766759217,47660162.0,313575.0,270104.0,10356.0,2021,3,Mar,9,Tuesday,405,0,
2021-03-03,115630622.0,65132899.0,2636546.0,0.3838901347943597,47861177.0,442197.0,229408.0,11774.0,2021,3,Mar,9,Wednesday,406,0,
2021-03-04,116089417.0,65383179.0,2647015.0,0.3967763833355493,48059223.0,458795.0,250280.0,10469.0,2021,3,Mar,9,Thursday,407,0,
2021-03-05,116539442.0,65609539.0,2657485.0,0.3876537686462841,48272418.0,450025.0,226360.0,10470.0,2021,3,Mar,9,Friday,408,0,
2021-03-06,116953953.0,65846042.0,2665755.0,0.3556830141678557,48442156.0,414511.0,236503.0,8270.0,2021,3,Mar,9,Saturday,409,0,
2021-03-07,117327861.0,66084362.0,2671692.0,0.3197053117135767,48571807.0,373908.0,238320.0,5937.0,2021,3,Mar,9,Sunday,410,0,
2021-03-08,117632319.0,66358920.0,2678717.0,0.2594933525635484,48594682.0,304458.0,274558.0,7025.0,2021,3,Mar,10,Monday,411,0,
2021-03-09,118046564.0,66621153.0,2689280.0,0.3521523706422892,48736131.0,414245.0,262233.0,10563.0,2021,3,Mar,10,Tuesday,412,0,
2021-03-10,118505479.0,66856509.0,2699457.0,0.388757609243078,48949513.0,458915.0,235356.0,10177.0,2021,3,Mar,10,Wednesday,413,0,
2021-03-11,118995836.0,67129126.0,2709693.0,0.4137842436804124,49157017.0,490357.0,272617.0,10236.0,2021,3,Mar,10,Thursday,414,0,
2021-03-12,119485614.0,67397682.0,2719584.0,0.4115925535411171,49368348.0,489778.0,268556.0,9891.0,2021,3,Mar,10,Friday,415,0,
2021-03-13,119941781.0,67650214.0,2728176.0,0.3817756671527001,49563391.0,456167.0,252532.0,8592.0,2021,3,Mar,10,Saturday,416,0,
2021-03-14,120306971.0,67895902.0,2733988.0,0.3044727174761562,49677081.0,365190.0,245688.0,5812.0,2021,3,Mar,10,Sunday,417,0,
2021-03-15,120659926.0,68185781.0,2741454.0,0.2933786771175545,49732691.0,352955.0,289879.0,7466.0,2021,3,Mar,11,Monday,418,0,
2021-03-16,121126545.0,68452266.0,2752081.0,0.3867224317707604,49922198.0,466619.0,266485.0,10627.0,2021,3,Mar,11,Tuesday,419,0,
2021-03-17,121672187.0,68716802.0,2762677.0,0.4504726854051686,50192708.0,545642.0,264536.0,10596.0,2021,3,Mar,11,Wednesday,420,0,
2021-03-18,122220797.0,68985878.0,2773399.0,0.4508918706293986,50461520.0,548610.0,269076.0,10722.0,2021,3,Mar,11,Thursday,421,0,
2021-03-19,122784013.0,69264939.0,2784225.0,0.4608184644713125,50734849.0,563216.0,279061.0,10826.0,2021,3,Mar,11,Friday,422,0,
2021-03-20,123283226.0,69523150.0,2793008.0,0.4065781756131394,50967068.0,499213.0,258211.0,8783.0,2021,3,Mar,11,Saturday,423,0,
2021-03-21,123722665.0,69803249.0,2801454.0,0.3564467075188314,51117962.0,439439.0,280099.0,8446.0,2021,3,Mar,11,Sunday,424,0,
2021-03-22,124142574.0,70137878.0,2809326.0,0.3393953727071753,51195370.0,419909.0,334629.0,7872.0,2021,3,Mar,12,Monday,425,0,
2021-03-23,124649657.0,70451020.0,2820817.0,0.408468250384433,51377820.0,507083.0,313142.0,11491.0,2021,3,Mar,12,Tuesday,426,0,
2021-03-24,125279444.0,70786662.0,2831499.0,0.5052456742821202,51661283.0,629787.0,335642.0,10682.0,2021,3,Mar,12,Wednesday,427,0,
2021-03-25,125931456.0,71098479.0,2843056.0,0.520446115645277,51989921.0,652012.0,311817.0,11557.0,2021,3,Mar,12,Thursday,428,0,
2021-03-26,126572141.0,71463065.0,2855824.0,0.5087569224959966,52253252.0,640685.0,364586.0,12768.0,2021,3,Mar,12,Friday,429,0,
2021-03-27,127157204.0,71768318.0,2866034.0,0.4622367887416869,52522852.0,585063.0,305253.0,10210.0,2021,3,Mar,12,Saturday,430,0,
2021-03-28,127649180.0,72097106.0,2873284.0,0.3869037573364699,52678790.0,491976.0,328788.0,7250.0,2021,3,Mar,12,Sunday,431,0,
2021-03-29,128108148.0,72401542.0,2881882.0,0.3595542094355796,52824724.0,458968.0,304436.0,8598.0,2021,3,Mar,13,Monday,432,0,
2021-03-30,128669690.0,72736785.0,2893798.0,0.4383343360798565,53039107.0,561542.0,335243.0,11916.0,2021,3,Mar,13,Tuesday,433,0,
2021-03-31,129344579.0,73119294.0,2906701.0,0.5245128048416065,53318584.0,674889.0,382509.0,12903.0,2021,3,Mar,13,Wednesday,434,0,
2021-04-01,130054616.0,73464080.0,2918988.0,0.5489499486484084,53671548.0,710037.0,344786.0,12287.0,2021,4,Apr,13,Thursday,435,0,
2021-04-02,130699335.0,73784287.0,2929619.0,0.4957294249363667,53985429.0,644719.0,320207.0,10631.0,2021,4,Apr,13,Friday,436,0,
2021-04-03,131240249.0,74150288.0,2938932.0,0.4138613253081968,54151029.0,540914.0,366001.0,9313.0,2021,4,Apr,13,Saturday,437,0,
2021-04-04,131799592.0,74498476.0,2946314.0,0.4261977588902624,54354802.0,559343.0,348188.0,7382.0,2021,4,Apr,13,Sunday,438,0,
2021-04-05,132294751.0,74846289.0,2954562.0,0.3756908443237062,54493900.0,495159.0,347813.0,8248.0,2021,4,Apr,14,Monday,439,0,
2021-04-06,132901342.0,75216285.0,2967002.0,0.4585147902050929,54718055.0,606591.0,369996.0,12440.0,2021,4,Apr,14,Tuesday,440,0,
2021-04-07,133565619.0,75699590.0,2982385.0,0.4998271575015398,54883644.0,664277.0,483305.0,15383.0,2021,4,Apr,14,Wednesday,441,0,
2021-04-08,134401976.0,76094849.0,2996720.0,0.6261768606784954,55310407.0,836357.0,395259.0,14335.0,2021,4,Apr,14,Thursday,442,0,
2021-04-09,135149458.0,76548562.0,3011092.0,0.5561540255926,55589804.0,747482.0,453713.0,14372.0,2021,4,Apr,14,Friday,443,0,
2021-04-10,135820843.0,76933556.0,3024124.0,0.4967722475069046,55863163.0,671385.0,384994.0,13032.0,2021,4,Apr,14,Saturday,444,0,
2021-04-11,136529367.0,77464028.0,3033212.0,0.5216607292004513,56032127.0,708524.0,530472.0,9088.0,2021,4,Apr,14,Sunday,445,0,
2021-04-12,137142099.0,77858760.0,3043098.0,0.4487913578329268,56240241.0,612732.0,394732.0,9886.0,2021,4,Apr,15,Monday,446,0,
2021-04-13,137906430.0,78345222.0,3056919.0,0.5573277684775702,56504289.0,764331.0,486462.0,13821.0,2021,4,Apr,15,Tuesday,447,0,
2021-04-14,138719032.0,78792112.0,3071018.0,0.589241560382645,56855902.0,812602.0,446890.0,14099.0,2021,4,Apr,15,Wednesday,448,0,
2021-04-15,139539495.0,79236514.0,3084676.0,0.5914566935559354,57218305.0,820463.0,444402.0,13658.0,2021,4,Apr,15,Thursday,449,0,
2021-04-16,140399677.0,79740631.0,3098064.0,0.6164433947535786,57560982.0,860182.0,504117.0,13388.0,2021,4,Apr,15,Friday,450,0,
2021-04-17,141193459.0,80259167.0,3110669.0,0.5653730955520645,57823623.0,793782.0,518536.0,12605.0,2021,4,Apr,15,Saturday,451,0,
2021-04-18,141893297.0,80839358.0,3119780.0,0.4956589384215029,57934159.0,699838.0,580191.0,9111.0,2021,4,Apr,15,Sunday,452,0,
2021-04-19,142583039.0,81374733.0,3130880.0,0.4860990720372083,58077426.0,689742.0,535375.0,11100.0,2021,4,Apr,16,Monday,453,0,
2021-04-20,143422747.0,81979570.0,3145202.0,0.5889255874255843,58297975.0,839708.0,604837.0,14322.0,2021,4,Apr,16,Tuesday,454,0,
2021-04-21,144311955.0,82491870.0,3159936.0,0.6199909139935801,58660149.0,889208.0,512300.0,14734.0,2021,4,Apr,16,Wednesday,455,0,
2021-04-22,145211836.0,83128166.0,3173812.0,0.623566495235963,58909858.0,899881.0,636296.0,13876.0,2021,4,Apr,16,Thursday,456,0,
2021-04-23,146119369.0,83767998.0,3189079.0,0.6249717826031757,59162292.0,907533.0,639832.0,15267.0,2021,4,Apr,16,Friday,457,0,
2021-04-24,146943967.0,84344289.0,3202201.0,0.5643317553609201,59397477.0,824598.0,576291.0,13122.0,2021,4,Apr,16,Saturday,458,0,
2021-04-25,147672696.0,84878103.0,3212951.0,0.4959230480010111,59581642.0,728729.0,533814.0,10750.0,2021,4,Apr,16,Sunday,459,0,
2021-04-26,148360462.0,85565469.0,3224541.0,0.4657367398506762,59570452.0,687766.0,687366.0,11590.0,2021,4,Apr,17,Monday,460,0,
2021-04-27,149199958.0,86246373.0,3239557.0,0.5658488715140292,59714028.0,839496.0,680904.0,15016.0,2021,4,Apr,17,Tuesday,461,0,
2021-04-28,150098583.0,86843038.0,3255535.0,0.6022957459545665,60000010.0,898625.0,596665.0,15978.0,2021,4,Apr,17,Wednesday,462,0,
2021-04-29,150993610.0,87550354.0,3271268.0,0.5962927711316236,60171988.0,895027.0,707316.0,15733.0,2021,4,Apr,17,Thursday,463,0,
2021-04-30,151885385.0,88236950.0,3285680.0,0.5906044633279514,60362755.0,891775.0,686596.0,14412.0,2021,4,Apr,17,Friday,464,0,
2021-05-01,152680343.0,88919400.0,3298710.0,0.5233933468977282,60462233.0,794958.0,682450.0,13030.0,2021,5,May,17,Saturday,465,0,
2021-05-02,153367519.0,89612414.0,3309013.0,0.4500749647909816,60446092.0,687176.0,693014.0,10303.0,2021,5,May,17,Sunday,466,0,
2021-05-03,154056690.0,90255903.0,3320659.0,0.4493591632006514,60480128.0,689171.0,643489.0,11646.0,2021,5,May,18,Monday,467,0,
2021-05-04,154842345.0,90912803.0,3334777.0,0.5099778529578949,60594765.0,785655.0,656900.0,14118.0,2021,5,May,18,Tuesday,468,0,
2021-05-05,155684714.0,91626285.0,3349654.0,0.5440172066626865,60708775.0,842369.0,713482.0,14877.0,2021,5,May,18,Wednesday,469,0,
2021-05-06,156557290.0,92301897.0,3364262.0,0.5604763483716199,60891131.0,872576.0,675612.0,14608.0,2021,5,May,18,Thursday,470,0,
2021-05-07,157392278.0,92998026.0,3378783.0,0.5333434169689575,61015469.0,834988.0,696129.0,14521.0,2021,5,May,18,Friday,471,0,
2021-05-08,158181221.0,93709031.0,3392088.0,0.501259026189328,61080102.0,788943.0,711005.0,13305.0,2021,5,May,18,Saturday,472,0,
2021-05-09,158830526.0,94371824.0,3402507.0,0.4104817221002486,61056195.0,649305.0,662793.0,10419.0,2021,5,May,18,Sunday,473,0,
2021-05-10,159455449.0,95000510.0,3413570.0,0.3934527044253446,61041369.0,624923.0,628686.0,11063.0,2021,5,May,19,Monday,474,0,
2021-05-11,160181621.0,95751514.0,3427762.0,0.4554074536518347,61002345.0,726172.0,751004.0,14192.0,2021,5,May,19,Tuesday,475,0,
2021-05-12,160949550.0,96399063.0,3441913.0,0.4794114301040816,61108574.0,767929.0,647549.0,14151.0,2021,5,May,19,Wednesday,476,0,
2021-05-13,161684855.0,97089180.0,3455377.0,0.4568543372752517,61140298.0,735305.0,690117.0,13464.0,2021,5,May,19,Thursday,477,0,
2021-05-14,162394780.0,97754527.0,3468377.0,0.4390794672760167,61171876.0,709925.0,665347.0,13000.0,2021,5,May,19,Friday,478,0,
2021-05-15,163026598.0,98397064.0,3480647.0,0.3890629982072084,61148887.0,631818.0,642537.0,12270.0,2021,5,May,19,Saturday,479,0,
2021-05-16,163573172.0,99064468.0,3490915.0,0.3352667642613753,61017789.0,546574.0,667404.0,10268.0,2021,5,May,19,Sunday,480,0,
2021-05-17,164116235.0,99808930.0,3502229.0,0.3320000421585026,60805076.0,543063.0,744462.0,11314.0,2021,5,May,20,Monday,481,0,
2021-05-18,164736006.0,100552043.0,3516310.0,0.3776414929333469,60667653.0,619771.0,743113.0,14081.0,2021,5,May,20,Tuesday,482,0,
2021-05-19,165408800.0,101250070.0,3529788.0,0.408407376344914,60628942.0,672794.0,698027.0,13478.0,2021,5,May,20,Wednesday,483,0,
2021-05-20,165690919.0,101886759.0,3542965.0,0.1705586401690841,60261195.0,282119.0,636689.0,13177.0,2021,5,May,20,Thursday,484,0,
2021-05-21,166317397.0,102501547.0,3555935.0,0.3781003834012171,60259915.0,626478.0,614788.0,12970.0,2021,5,May,20,Friday,485,0,
2021-05-22,166890042.0,103118308.0,3567369.0,0.3443085391722431,60204365.0,572645.0,616761.0,11434.0,2021,5,May,20,Saturday,486,0,
2021-05-23,167371567.0,103620279.0,3577194.0,0.2885282993697131,60174094.0,481525.0,501971.0,9825.0,2021,5,May,20,Sunday,487,0,
2021-05-24,167822262.0,104247871.0,3586314.0,0.2692781146035395,59988077.0,450695.0,627592.0,9120.0,2021,5,May,21,Monday,488,0,
2021-05-25,168356595.0,104824934.0,3599276.0,0.3183922047243053,59932385.0,534333.0,577063.0,12962.0,2021,5,May,21,Tuesday,489,0,
2021-05-26,168925182.0,105380747.0,3612081.0,0.3377277854781988,59932354.0,568587.0,555813.0,12805.0,2021,5,May,21,Wednesday,490,0,
2021-05-27,169472359.0,106078105.0,3625015.0,0.3239167739952472,59769239.0,547177.0,697358.0,12934.0,2021,5,May,21,Thursday,491,0,
2021-05-28,169977978.0,106633068.0,3637016.0,0.2983489478658876,59707894.0,505619.0,554963.0,12001.0,2021,5,May,21,Friday,492,0,
2021-05-29,170458538.0,107140668.0,3647820.0,0.2827189766900274,59670050.0,480560.0,507600.0,10804.0,2021,5,May,21,Saturday,493,0,
2021-05-30,170848636.0,107630597.0,3656202.0,0.2288521329450801,59561837.0,390098.0,489929.0,8382.0,2021,5,May,21,Sunday,494,0,
2021-05-31,171235461.0,108159766.0,3664871.0,0.2264138649605607,59410824.0,386825.0,529169.0,8669.0,2021,5,May,22,Monday,495,0,
2021-06-01,171695471.0,108743649.0,3680082.0,0.2686417855936978,59271740.0,460010.0,583883.0,15211.0,2021,6,Jun,22,Tuesday,496,0,
2021-06-02,172183117.0,109272023.0,3691980.0,0.2840179750577113,59219114.0,487646.0,528374.0,11898.0,2021,6,Jun,22,Wednesday,497,0,
2021-06-03,172663902.0,109701213.0,3702144.0,0.2792288863024822,59260545.0,480785.0,429190.0,10164.0,2021,6,Jun,22,Thursday,498,0,
2021-06-04,173089139.0,110226715.0,3712787.0,0.2462801981620918,59149637.0,425237.0,525502.0,10643.0,2021,6,Jun,22,Friday,499,0,
2021-06-05,173486079.0,110704845.0,3722183.0,0.2293269250128975,59059051.0,396940.0,478130.0,9396.0,2021,6,Jun,22,Saturday,500,0,
2021-06-06,173809303.0,111146371.0,3729461.0,0.1863112025259387,58933471.0,323224.0,441526.0,7278.0,2021,6,Jun,22,Sunday,501,0,
2021-06-07,174130990.0,111568368.0,3737520.0,0.1850804269090245,58825102.0,321687.0,421997.0,8059.0,2021,6,Jun,23,Monday,502,0,
2021-06-08,174501789.0,111983104.0,3748170.0,0.2129425669721397,58770515.0,370799.0,414736.0,10650.0,2021,6,Jun,23,Tuesday,503,0,
2021-06-09,174920328.0,112435799.0,3758323.0,0.2398479708422932,58726206.0,418539.0,452695.0,10153.0,2021,6,Jun,23,Wednesday,504,0,
2021-06-10,175373823.0,112849488.0,3774292.0,0.2592580320338754,58750043.0,453495.0,413689.0,15969.0,2021,6,Jun,23,Thursday,505,0,
2021-06-11,175796382.0,113225020.0,3786030.0,0.2409475899946596,58785332.0,422559.0,375532.0,11738.0,2021,6,Jun,23,Friday,506,0,
2021-06-12,176164980.0,113563994.0,3795834.0,0.2096732570980897,58805152.0,368598.0,338974.0,9804.0,2021,6,Jun,23,Saturday,507,0,
2021-06-13,176467978.0,113993655.0,3805101.0,0.1719967271588257,58669222.0,302998.0,429661.0,9267.0,2021,6,Jun,23,Sunday,508,0,
2021-06-14,176777436.0,114340429.0,3813079.0,0.1753621271730104,58623928.0,309458.0,346774.0,7978.0,2021,6,Jun,24,Monday,509,0,
2021-06-15,177152356.0,114800574.0,3823828.0,0.2120858908712761,58527954.0,374920.0,460145.0,10749.0,2021,6,Jun,24,Tuesday,510,0,
2021-06-16,177541331.0,115149801.0,3833886.0,0.2195708873327092,58557644.0,388975.0,349227.0,10058.0,2021,6,Jun,24,Wednesday,511,0,
2021-06-17,177937632.0,115530279.0,3843207.0,0.2232161929663577,58564146.0,396301.0,380478.0,9321.0,2021,6,Jun,24,Thursday,512,0,
2021-06-18,178341062.0,115849842.0,3852407.0,0.2267255079577545,58638813.0,403430.0,319563.0,9200.0,2021,6,Jun,24,Friday,513,0,
2021-06-19,178689527.0,116181692.0,3860570.0,0.1953924665986344,58647265.0,348465.0,331850.0,8163.0,2021,6,Jun,24,Saturday,514,0,
2021-06-20,178992964.0,116446786.0,3867304.0,0.1698124143559908,58678874.0,303437.0,265094.0,6734.0,2021,6,Jun,24,Sunday,515,0,
2021-06-21,179289570.0,116804004.0,3874286.0,0.1657081895129687,58611280.0,296606.0,357218.0,6982.0,2021,6,Jun,25,Monday,516,0,
2021-06-22,179699866.0,117107408.0,3883209.0,0.2288454370212388,58709249.0,410296.0,303404.0,8923.0,2021,6,Jun,25,Tuesday,517,0,
2021-06-23,180096920.0,117507151.0,3892588.0,0.2209539766713014,58697181.0,397054.0,399743.0,9379.0,2021,6,Jun,25,Wednesday,518,0,
2021-06-24,180506291.0,117796862.0,3901240.0,0.2273059417118293,58808189.0,409371.0,289711.0,8652.0,2021,6,Jun,25,Thursday,519,0,
2021-06-25,180924286.0,118125509.0,3910471.0,0.2315681063991282,58888306.0,417995.0,328647.0,9231.0,2021,6,Jun,25,Friday,520,0,
2021-06-26,181287479.0,118420068.0,3917993.0,0.2007430887415523,58949418.0,363193.0,294559.0,7522.0,2021,6,Jun,25,Saturday,521,0,
2021-06-27,181598524.0,118678807.0,3924070.0,0.1715755559709669,58995647.0,311045.0,258739.0,6077.0,2021,6,Jun,25,Sunday,522,0,
2021-06-28,181931639.0,119006263.0,3930616.0,0.1834348609573501,58994760.0,333115.0,327456.0,6546.0,2021,6,Jun,26,Monday,523,0,
2021-06-29,182313066.0,119299679.0,3938757.0,0.2096540228497584,59074630.0,381427.0,293416.0,8141.0,2021,6,Jun,26,Tuesday,524,0,
2021-06-30,182712486.0,119580620.0,3947956.0,0.2190846815115269,59183910.0,399420.0,280941.0,9199.0,2021,6,Jun,26,Wednesday,525,0,
2021-07-01,183148177.0,120008476.0,3956503.0,0.2384571572191295,59183198.0,435691.0,427856.0,8547.0,2021,7,Jul,26,Thursday,526,0,
2021-07-02,183590581.0,120299518.0,3964846.0,0.241555229894535,59326217.0,442404.0,291042.0,8343.0,2021,7,Jul,26,Friday,527,0,
2021-07-03,183965141.0,120569293.0,3971764.0,0.2040191811365312,59424084.0,374560.0,269775.0,6918.0,2021,7,Jul,26,Saturday,528,0,
2021-07-04,184293366.0,120868181.0,3978382.0,0.1784169534596774,59446803.0,328225.0,298888.0,6618.0,2021,7,Jul,26,Sunday,529,0,
2021-07-05,184670047.0,121235174.0,3985742.0,0.204392056087358,59449131.0,376681.0,366993.0,7360.0,2021,7,Jul,27,Monday,530,0,
2021-07-06,185120673.0,121563017.0,3994232.0,0.244016832897649,59563424.0,450626.0,327843.0,8490.0,2021,7,Jul,27,Tuesday,531,0,
2021-07-07,185585716.0,121831180.0,4002771.0,0.2512107332280495,59751765.0,465043.0,268163.0,8539.0,2021,7,Jul,27,Wednesday,532,0,
2021-07-08,186067519.0,122123831.0,4011679.0,0.2596121136822836,59932009.0,481803.0,292651.0,8908.0,2021,7,Jul,27,Thursday,533,0,
2021-07-09,186581412.0,122462949.0,4020050.0,0.2761863020272764,60098413.0,513893.0,339118.0,8371.0,2021,7,Jul,27,Friday,534,0,
2021-07-10,187003460.0,122907153.0,4026651.0,0.2262004534513867,60069656.0,422048.0,444204.0,6601.0,2021,7,Jul,27,Saturday,535,0,
2021-07-11,187374019.0,123197639.0,4034264.0,0.1981562266281062,60142116.0,370559.0,290486.0,7613.0,2021,7,Jul,27,Sunday,536,0,
2021-07-12,187806270.0,123499875.0,4042328.0,0.2306888662082868,60264067.0,432251.0,302236.0,8064.0,2021,7,Jul,28,Monday,537,0,
2021-07-13,188332239.0,123783322.0,4050711.0,0.2800593398718797,60498206.0,525969.0,283447.0,8383.0,2021,7,Jul,28,Tuesday,538,0,
2021-07-14,188870189.0,124113063.0,4059318.0,0.2856388278801273,60697808.0,537950.0,329741.0,8607.0,2021,7,Jul,28,Wednesday,539,0,
2021-07-15,189446635.0,124394119.0,4067943.0,0.3052075094815519,60984573.0,576446.0,281056.0,8625.0,2021,7,Jul,28,Thursday,540,0,
2021-07-16,190042655.0,124784824.0,4076686.0,0.3146110248936329,61181145.0,596020.0,390705.0,8743.0,2021,7,Jul,28,Friday,541,0,
2021-07-17,190533173.0,125065613.0,4084203.0,0.2581094228556215,61383357.0,490518.0,280789.0,7517.0,2021,7,Jul,28,Saturday,542,0,
2021-07-18,190954486.0,125382096.0,4090742.0,0.2211231741781784,61481648.0,421313.0,316483.0,6539.0,2021,7,Jul,28,Sunday,543,0,
2021-07-19,191440779.0,125688817.0,4097881.0,0.2546643497026825,61654081.0,486293.0,306721.0,7139.0,2021,7,Jul,29,Monday,544,0,
2021-07-20,191973342.0,126008997.0,4118607.0,0.2781868120166811,61845738.0,532563.0,320180.0,20726.0,2021,7,Jul,29,Tuesday,545,0,
2021-07-21,192529117.0,126315580.0,4127267.0,0.2895063419795025,62086270.0,555775.0,306583.0,8660.0,2021,7,Jul,29,Wednesday,546,0,
2021-07-22,193094481.0,126671708.0,4136039.0,0.2936511675789797,62286734.0,565364.0,356128.0,8772.0,2021,7,Jul,29,Thursday,547,0,
2021-07-23,193822688.0,126918098.0,4144358.0,0.3771247092245997,62760232.0,728207.0,246390.0,8319.0,2021,7,Jul,29,Friday,548,0,
2021-07-24,194255794.0,127435324.0,4153052.0,0.2234547484967291,62667418.0,433106.0,517226.0,8694.0,2021,7,Jul,29,Saturday,549,0,
2021-07-25,194702066.0,127762741.0,4160384.0,0.2297342029345081,62778941.0,446272.0,327417.0,7332.0,2021,7,Jul,29,Sunday,550,0,
2021-07-26,195240235.0,128063201.0,4168797.0,0.2764064147115932,63008237.0,538169.0,300460.0,8413.0,2021,7,Jul,30,Monday,551,0,
2021-07-27,195846899.0,128409040.0,4178640.0,0.3107269359719834,63259219.0,606664.0,345839.0,9843.0,2021,7,Jul,30,Tuesday,552,0,
2021-07-28,196496923.0,128745703.0,4188793.0,0.3319041574408589,63562427.0,650024.0,336663.0,10153.0,2021,7,Jul,30,Wednesday,553,0,
2021-07-29,197139976.0,129094091.0,4199056.0,0.327258559667115,63846829.0,643053.0,348388.0,10263.0,2021,7,Jul,30,Thursday,554,0,
2021-07-30,197872571.0,129401282.0,4208607.0,0.371611590335184,64262682.0,732595.0,307191.0,9551.0,2021,7,Jul,30,Friday,555,0,
2021-07-31,198391486.0,129705211.0,4217440.0,0.2622470600030764,64468835.0,518915.0,303929.0,8833.0,2021,7,Jul,30,Saturday,556,0,
2021-08-01,198875665.0,129994389.0,4224807.0,0.2440523077688928,64656469.0,484179.0,289178.0,7367.0,2021,8,Aug,30,Sunday,557,0,
2021-08-02,199443161.0,130277533.0,4232852.0,0.2853521570876959,64932776.0,567496.0,283144.0,8045.0,2021,8,Aug,31,Monday,558,0,
2021-08-03,200077681.0,130582001.0,4243256.0,0.3181457798896398,65252424.0,634520.0,304468.0,10404.0,2021,8,Aug,31,Tuesday,559,0,
2021-08-04,200758017.0,130899061.0,4253756.0,0.340035928345251,65605200.0,680336.0,317060.0,10500.0,2021,8,Aug,31,Wednesday,560,0,
2021-08-05,201443373.0,0.0,4264706.0,0.3413841251480383,197178667.0,685356.0,0.0,10950.0,2021,8,Aug,31,Thursday,561,0,
2021-08-06,202263081.0,0.0,4275153.0,0.4069173325448637,197987928.0,819708.0,0.0,10447.0,2021,8,Aug,31,Friday,562,0,
2021-08-07,202826624.0,0.0,4283820.0,0.2786188152646601,198542804.0,563543.0,0.0,8667.0,2021,8,Aug,31,Saturday,563,0,
2021-08-08,203296529.0,0.0,4291259.0,0.2316781646969581,199005270.0,469905.0,0.0,7439.0,2021,8,Aug,31,Sunday,564,0,
2021-08-09,203910612.0,0.0,4300015.0,0.3020627076225192,199610597.0,614083.0,0.0,8756.0,2021,8,Aug,32,Monday,565,0,
2021-08-10,204556461.0,0.0,4311606.0,0.3167314313195234,200244855.0,645849.0,0.0,11591.0,2021,8,Aug,32,Tuesday,566,0,
2021-08-11,205287051.0,0.0,4322122.0,0.3571581148932763,200964929.0,730590.0,0.0,10516.0,2021,8,Aug,32,Wednesday,567,0,
2021-08-12,205993035.0,0.0,4332626.0,0.3439008922194513,201660409.0,705984.0,0.0,10504.0,2021,8,Aug,32,Thursday,568,0,
2021-08-13,206794999.0,0.0,4343083.0,0.3893160756624611,202451916.0,801964.0,0.0,10457.0,2021,8,Aug,32,Friday,569,0,
2021-08-14,207352369.0,0.0,4351807.0,0.2695277945285321,203000562.0,557370.0,0.0,8724.0,2021,8,Aug,32,Saturday,570,0,
2021-08-15,207822568.0,0.0,4359219.0,0.2267632640358211,203463349.0,470199.0,0.0,7412.0,2021,8,Aug,32,Sunday,571,0,
2021-08-16,208477534.0,0.0,4368979.0,0.315156340479827,204108555.0,654966.0,0.0,9760.0,2021,8,Aug,33,Monday,572,0,
2021-08-17,209159680.0,0.0,4379748.0,0.3272036017079903,204779932.0,682146.0,0.0,10769.0,2021,8,Aug,33,Tuesday,573,0,
2021-08-18,209895653.0,0.0,4390561.0,0.3518713549380071,205505092.0,735973.0,0.0,10813.0,2021,8,Aug,33,Wednesday,574,0,
2021-08-19,210607624.0,0.0,4402001.0,0.3392023559439794,206205623.0,711971.0,0.0,11440.0,2021,8,Aug,33,Thursday,575,0,
2021-08-20,211392868.0,0.0,4412487.0,0.3728469013068587,206980381.0,785244.0,0.0,10486.0,2021,8,Aug,33,Friday,576,0,
2021-08-21,211958726.0,0.0,4421394.0,0.2676807431365187,207537332.0,565858.0,0.0,8907.0,2021,8,Aug,33,Saturday,577,0,
2021-08-22,212412489.0,0.0,4429082.0,0.2140808300574518,207983407.0,453763.0,0.0,7688.0,2021,8,Aug,33,Sunday,578,0,
2021-08-23,213083549.0,0.0,4439029.0,0.3159230434892178,208644520.0,671060.0,0.0,9947.0,2021,8,Aug,34,Monday,579,0,
2021-08-24,213760144.0,0.0,4450069.0,0.317525685664265,209310075.0,676595.0,0.0,11040.0,2021,8,Aug,34,Tuesday,580,0,
2021-08-25,214497353.0,0.0,4461417.0,0.3448767324932191,210035936.0,737209.0,0.0,11348.0,2021,8,Aug,34,Wednesday,581,0,
2021-08-26,215233641.0,0.0,4473015.0,0.3432620448234622,210760626.0,736288.0,0.0,11598.0,2021,8,Aug,34,Thursday,582,0,
2021-08-27,215985195.0,0.0,4483359.0,0.3491805446900375,211501836.0,751554.0,0.0,10344.0,2021,8,Aug,34,Friday,583,0,
2021-08-28,216551398.0,0.0,4491807.0,0.2621489866469783,212059591.0,566203.0,0.0,8448.0,2021,8,Aug,34,Saturday,584,0,
2021-08-29,217005390.0,0.0,4498545.0,0.2096463029991614,212506845.0,453992.0,0.0,6738.0,2021,8,Aug,34,Sunday,585,0,
2021-08-30,217659628.0,0.0,4508005.0,0.3014846774082431,213151623.0,654238.0,0.0,9460.0,2021,8,Aug,35,Monday,586,0,
2021-08-31,218280898.0,0.0,4517214.0,0.2854318946093209,213763684.0,621270.0,0.0,9209.0,2021,8,Aug,35,Tuesday,587,0,
2021-09-01,219000231.0,0.0,4529702.0,0.3295446402277491,214470529.0,719333.0,0.0,12488.0,2021,9,Sep,35,Wednesday,588,0,
2021-09-02,219676549.0,0.0,4540913.0,0.3088206788238501,215135636.0,676318.0,0.0,11211.0,2021,9,Sep,35,Thursday,589,0,
2021-09-03,220400668.0,0.0,4551613.0,0.3296296319731425,215849055.0,724119.0,0.0,10700.0,2021,9,Sep,35,Friday,590,0,
2021-09-04,220906759.0,0.0,4559352.0,0.2296231697446579,216347407.0,506091.0,0.0,7739.0,2021,9,Sep,35,Saturday,591,0,
2021-09-05,221362690.0,0.0,4565831.0,0.2063906971719231,216796859.0,455931.0,0.0,6479.0,2021,9,Sep,35,Sunday,592,0,
2021-09-06,221821940.0,0.0,4573840.0,0.2074649526530419,217248100.0,459250.0,0.0,8009.0,2021,9,Sep,36,Monday,593,0,
2021-09-07,222478184.0,0.0,4584328.0,0.2958426925668398,217893856.0,656244.0,0.0,10488.0,2021,9,Sep,36,Tuesday,594,0,
2021-09-08,223115208.0,0.0,4594429.0,0.2863309959416066,218520779.0,637024.0,0.0,10101.0,2021,9,Sep,36,Wednesday,595,0,
2021-09-09,223755136.0,0.0,4605142.0,0.2868150520694223,219149994.0,639928.0,0.0,10713.0,2021,9,Sep,36,Thursday,596,0,
2021-09-10,224414378.0,0.0,4614334.0,0.2946265331759803,219800044.0,659242.0,0.0,9192.0,2021,9,Sep,36,Friday,597,0,
2021-09-11,224892541.0,0.0,4622726.0,0.2130714637187818,220269815.0,478163.0,0.0,8392.0,2021,9,Sep,36,Saturday,598,0,
2021-09-12,225269501.0,0.0,4628306.0,0.1676178313090428,220641195.0,376960.0,0.0,5580.0,2021,9,Sep,36,Sunday,599,0,
2021-09-13,225831661.0,0.0,4637341.0,0.2495499823564664,221194320.0,562160.0,0.0,9035.0,2021,9,Sep,37,Monday,600,0,
2021-09-14,226382316.0,0.0,4647239.0,0.2438342779580406,221735077.0,550655.0,0.0,9898.0,2021,9,Sep,37,Tuesday,601,0,
2021-09-15,226949475.0,0.0,4657706.0,0.2505314946950184,222291769.0,567159.0,0.0,10467.0,2021,9,Sep,37,Wednesday,602,0,
2021-09-16,227536585.0,0.0,4668180.0,0.2586963464004488,222868405.0,587110.0,0.0,10474.0,2021,9,Sep,37,Thursday,603,0,
2021-09-17,228159977.0,0.0,4677223.0,0.2739744028416353,223482754.0,623392.0,0.0,9043.0,2021,9,Sep,37,Friday,604,0,
2021-09-18,228691015.0,0.0,4683766.0,0.2327480949912613,224007249.0,531038.0,0.0,6543.0,2021,9,Sep,37,Saturday,605,0,
2021-09-19,229060019.0,0.0,4689794.0,0.1613548306652974,224370225.0,369004.0,0.0,6028.0,2021,9,Sep,37,Sunday,606,0,
2021-09-20,229576329.0,0.0,4697932.0,0.2254038056287771,224878397.0,516310.0,0.0,8138.0,2021,9,Sep,38,Monday,607,0,
2021-09-21,230065643.0,0.0,4707355.0,0.2131378274630395,225358288.0,489314.0,0.0,9423.0,2021,9,Sep,38,Tuesday,608,0,
2021-09-22,230600342.0,0.0,4717094.0,0.2324114948358455,225883248.0,534699.0,0.0,9739.0,2021,9,Sep,38,Wednesday,609,0,
2021-09-23,231148056.0,0.0,4726946.0,0.2375165601445638,226421110.0,547714.0,0.0,9852.0,2021,9,Sep,38,Thursday,610,0,
2021-09-24,231697328.0,0.0,4735665.0,0.2376277826018143,226961663.0,549272.0,0.0,8719.0,2021,9,Sep,38,Friday,611,0,
2021-09-25,232077347.0,0.0,4741180.0,0.1640152708191783,227336167.0,380019.0,0.0,5515.0,2021,9,Sep,38,Saturday,612,0,
2021-09-26,232439247.0,0.0,4746649.0,0.1559393903274842,227692598.0,361900.0,0.0,5469.0,2021,9,Sep,38,Sunday,613,0,
2021-09-27,232909032.0,0.0,4754271.0,0.2021108767401918,228154761.0,469785.0,0.0,7622.0,2021,9,Sep,39,Monday,614,0,
2021-09-28,233360421.0,0.0,4763667.0,0.193804849955325,228596754.0,451389.0,0.0,9396.0,2021,9,Sep,39,Tuesday,615,0,
2021-09-29,233851041.0,0.0,4772938.0,0.2102413073723414,229078103.0,490620.0,0.0,9271.0,2021,9,Sep,39,Wednesday,616,0,
2021-09-30,234340438.0,0.0,4781771.0,0.2092772381543514,229558667.0,489397.0,0.0,8833.0,2021,9,Sep,39,Thursday,617,0,
2021-10-01,234862666.0,0.0,4790395.0,0.2228501424922659,230072271.0,522228.0,0.0,8624.0,2021,10,Oct,39,Friday,618,0,
2021-10-02,235219823.0,0.0,4796358.0,0.1520705721700357,230423465.0,357157.0,0.0,5963.0,2021,10,Oct,39,Saturday,619,0,
2021-10-03,235534134.0,0.0,4800641.0,0.1336243671945965,230733493.0,314311.0,0.0,4283.0,2021,10,Oct,39,Sunday,620,0,
2021-10-04,235968653.0,0.0,4807688.0,0.1844823901405305,231160965.0,434519.0,0.0,7047.0,2021,10,Oct,40,Monday,621,0,
2021-10-05,236391351.0,0.0,4815096.0,0.1791331156176918,231576255.0,422698.0,0.0,7408.0,2021,10,Oct,40,Tuesday,622,0,
2021-10-06,236898796.0,0.0,4824263.0,0.2146630990742127,232074533.0,507445.0,0.0,9167.0,2021,10,Oct,40,Wednesday,623,0,
2021-10-07,237360236.0,0.0,4833182.0,0.1947835986469091,232527054.0,461440.0,0.0,8919.0,2021,10,Oct,40,Thursday,624,0,
2021-10-08,237836322.0,0.0,4840732.0,0.2005752977090906,232995590.0,476086.0,0.0,7550.0,2021,10,Oct,40,Friday,625,0,
2021-10-09,238183753.0,0.0,4845634.0,0.1460798742086164,233338119.0,347431.0,0.0,4902.0,2021,10,Oct,40,Saturday,626,0,
2021-10-10,238506140.0,0.0,4850329.0,0.1353522211063657,233655811.0,322387.0,0.0,4695.0,2021,10,Oct,40,Sunday,627,0,
2021-10-11,238880802.0,0.0,4856064.0,0.1570869412418481,234024738.0,374662.0,0.0,5735.0,2021,10,Oct,41,Monday,628,0,
2021-10-12,239319201.0,0.0,4864132.0,0.1835220730714057,234455069.0,438399.0,0.0,8068.0,2021,10,Oct,41,Tuesday,629,0,
2021-10-13,239776316.0,0.0,4873048.0,0.1910064040369247,234903268.0,457115.0,0.0,8916.0,2021,10,Oct,41,Wednesday,630,0,
2021-10-14,240229852.0,0.0,4881003.0,0.1891496239353348,235348849.0,453536.0,0.0,7955.0,2021,10,Oct,41,Thursday,631,0,
2021-10-15,240688651.0,0.0,4888198.0,0.1909833420702436,235800453.0,458799.0,0.0,7195.0,2021,10,Oct,41,Friday,632,0,
2021-10-16,241039445.0,0.0,4893557.0,0.1457459662275476,236145888.0,350794.0,0.0,5359.0,2021,10,Oct,41,Saturday,633,0,
2021-10-17,241359592.0,0.0,4897845.0,0.1328193400047033,236461747.0,320147.0,0.0,4288.0,2021,10,Oct,41,Sunday,634,0,
2021-10-18,241769765.0,0.0,4904250.0,0.1699426969531834,236865515.0,410173.0,0.0,6405.0,2021,10,Oct,42,Monday,635,0,
2021-10-19,242201982.0,0.0,4912482.0,0.1787721471293153,237289500.0,432217.0,0.0,8232.0,2021,10,Oct,42,Tuesday,636,0,
2021-10-20,242678202.0,0.0,4921159.0,0.1966210169163686,237757043.0,476220.0,0.0,8677.0,2021,10,Oct,42,Wednesday,637,0,
2021-10-21,243140623.0,0.0,4928821.0,0.190549046510572,238211802.0,462421.0,0.0,7662.0,2021,10,Oct,42,Thursday,638,0,
2021-10-22,243633498.0,0.0,4937006.0,0.2027119096425117,238696492.0,492875.0,0.0,8185.0,2021,10,Oct,42,Friday,639,0,
2021-10-23,244017010.0,0.0,4942892.0,0.1574134932791549,239074118.0,383512.0,0.0,5886.0,2021,10,Oct,42,Saturday,640,0,
2021-10-24,244337844.0,0.0,4947423.0,0.1314801783695325,239390421.0,320834.0,0.0,4531.0,2021,10,Oct,42,Sunday,641,0,
2021-10-25,244764051.0,0.0,4954116.0,0.1744334782621721,239809935.0,426207.0,0.0,6693.0,2021,10,Oct,43,Monday,642,0,
2021-10-26,245190193.0,0.0,4961902.0,0.1741031815166353,240228291.0,426142.0,0.0,7786.0,2021,10,Oct,43,Tuesday,643,0,
2021-10-27,245704870.0,0.0,4971047.0,0.2099092927423896,240733823.0,514677.0,0.0,9145.0,2021,10,Oct,43,Wednesday,644,0,
2021-10-28,246188053.0,0.0,4979941.0,0.1966517798365168,241208112.0,483183.0,0.0,8894.0,2021,10,Oct,43,Thursday,645,0,
2021-10-29,246684172.0,0.0,4987742.0,0.2015203394130583,241696430.0,496119.0,0.0,7801.0,2021,10,Oct,43,Friday,646,0,
2021-10-30,247078252.0,0.0,4993808.0,0.1597508250346925,242084444.0,394080.0,0.0,6066.0,2021,10,Oct,43,Saturday,647,0,
2021-10-31,247441791.0,0.0,4998323.0,0.1471351675257926,242443468.0,363539.0,0.0,4515.0,2021,10,Oct,43,Sunday,648,0,
2021-11-01,247862939.0,0.0,5004550.0,0.1702008372546899,242858389.0,421148.0,0.0,6227.0,2021,11,Nov,44,Monday,649,0,
2021-11-02,248267015.0,0.0,5011705.0,0.1630239686619708,243255310.0,404076.0,0.0,7155.0,2021,11,Nov,44,Tuesday,650,0,
2021-11-03,248791446.0,0.0,5020142.0,0.2112366799915002,243771304.0,524431.0,0.0,8437.0,2021,11,Nov,44,Wednesday,651,0,
2021-11-04,249311355.0,0.0,5027749.0,0.2089738246064939,244283606.0,519909.0,0.0,7607.0,2021,11,Nov,44,Thursday,652,0,
2021-11-05,249835638.0,0.0,5036379.0,0.2102924674249193,244799259.0,524283.0,0.0,8630.0,2021,11,Nov,44,Friday,653,0,
2021-11-06,250273075.0,0.0,5043130.0,0.1750899125128017,245229945.0,437437.0,0.0,6751.0,2021,11,Nov,44,Saturday,654,0,
2021-11-07,250633834.0,0.0,5047630.0,0.1441461491612711,245586204.0,360759.0,0.0,4500.0,2021,11,Nov,44,Sunday,655,0,
2021-11-08,251104863.0,0.0,5054205.0,0.1879351213212498,246050658.0,471029.0,0.0,6575.0,2021,11,Nov,45,Monday,656,0,
2021-11-09,251572196.0,0.0,5062306.0,0.1861106927268071,246509890.0,467333.0,0.0,8101.0,2021,11,Nov,45,Tuesday,657,0,
2021-11-10,252149324.0,0.0,5070583.0,0.2294084994988874,247078741.0,577128.0,0.0,8277.0,2021,11,Nov,45,Wednesday,658,0,
2021-11-11,252670145.0,0.0,5078264.0,0.2065526061057375,247591881.0,520821.0,0.0,7681.0,2021,11,Nov,45,Thursday,659,0,
2021-11-12,253268010.0,0.0,5087293.0,0.2366187742520985,248180717.0,597865.0,0.0,9029.0,2021,11,Nov,45,Friday,660,0,
2021-11-13,253709049.0,0.0,5093750.0,0.1741392448260638,248615299.0,441039.0,0.0,6457.0,2021,11,Nov,45,Saturday,661,0,
2021-11-14,254087547.0,0.0,5098387.0,0.1491858494964442,248989160.0,378498.0,0.0,4637.0,2021,11,Nov,45,Sunday,662,0,
2021-11-15,254614006.0,0.0,5105091.0,0.2071959079521516,249508915.0,526459.0,0.0,6704.0,2021,11,Nov,46,Monday,663,0,
2021-11-16,255119474.0,0.0,5112782.0,0.1985232501310238,250006692.0,505468.0,0.0,7691.0,2021,11,Nov,46,Tuesday,664,0,
2021-11-17,255738287.0,0.0,5121983.0,0.2425581200437878,250616304.0,618813.0,0.0,9201.0,2021,11,Nov,46,Wednesday,665,0,
2021-11-18,256359795.0,0.0,5130367.0,0.2430250109558292,251229428.0,621508.0,0.0,8384.0,2021,11,Nov,46,Thursday,666,0,
2021-11-19,256975937.0,0.0,5138374.0,0.2403426793191186,251837563.0,616142.0,0.0,8007.0,2021,11,Nov,46,Friday,667,0,
2021-11-20,257476267.0,0.0,5144616.0,0.1946991636030108,252331651.0,500330.0,0.0,6242.0,2021,11,Nov,46,Saturday,668,0,
2021-11-21,257896926.0,0.0,5149188.0,0.163377776484541,252747738.0,420659.0,0.0,4572.0,2021,11,Nov,46,Sunday,669,0,
2021-11-22,258498491.0,0.0,5156226.0,0.233257917932686,253342265.0,601565.0,0.0,7038.0,2021,11,Nov,47,Monday,670,0,
2021-11-23,259088786.0,0.0,5164266.0,0.2283552982133269,253924520.0,590295.0,0.0,8040.0,2021,11,Nov,47,Tuesday,671,0,
2021-11-24,259749821.0,0.0,5172889.0,0.2551384064920509,254576932.0,661035.0,0.0,8623.0,2021,11,Nov,47,Wednesday,672,0,
2021-11-25,260348236.0,0.0,5180720.0,0.2303812944687265,255167516.0,598415.0,0.0,7831.0,2021,11,Nov,47,Thursday,673,0,
2021-11-26,260958536.0,0.0,5187603.0,0.2344167985835709,255770933.0,610300.0,0.0,6883.0,2021,11,Nov,47,Friday,674,0,
2021-11-27,261442001.0,0.0,5193759.0,0.185265064485187,256248242.0,483465.0,0.0,6156.0,2021,11,Nov,47,Saturday,675,0,
2021-11-28,261872471.0,0.0,5198598.0,0.1646521975633134,256673873.0,430470.0,0.0,4839.0,2021,11,Nov,47,Sunday,676,0,
2021-11-29,262503351.0,0.0,5206035.0,0.2409111570952412,257297316.0,630880.0,0.0,7437.0,2021,11,Nov,48,Monday,677,0,
2021-11-30,263103570.0,0.0,5214076.0,0.2286519382375427,257889494.0,600219.0,0.0,8041.0,2021,11,Nov,48,Tuesday,678,0,
2021-12-01,263808393.0,0.0,5223401.0,0.267888041199897,258584992.0,704823.0,0.0,9325.0,2021,12,Dec,48,Wednesday,679,0,
2021-12-02,264514416.0,0.0,5233564.0,0.2676271941052308,259280852.0,706023.0,0.0,10163.0,2021,12,Dec,48,Thursday,680,0,
2021-12-03,265243812.0,0.0,5242115.0,0.2757490540704594,260001697.0,729396.0,0.0,8551.0,2021,12,Dec,48,Friday,681,0,
2021-12-04,265779007.0,0.0,5247925.0,0.2017747354648937,260531082.0,535195.0,0.0,5810.0,2021,12,Dec,48,Saturday,682,0,
2021-12-05,266238363.0,0.0,5255326.0,0.1728338160282162,260983037.0,459356.0,0.0,7401.0,2021,12,Dec,48,Sunday,683,0,
2021-12-06,266837354.0,0.0,5262171.0,0.2249829788804703,261575183.0,598991.0,0.0,6845.0,2021,12,Dec,49,Monday,684,0,
2021-12-07,267477689.0,0.0,5270013.0,0.2399720243066119,262207676.0,640335.0,0.0,7842.0,2021,12,Dec,49,Tuesday,685,0,
2021-12-08,268190740.0,0.0,5278327.0,0.2665833560420809,262912413.0,713051.0,0.0,8314.0,2021,12,Dec,49,Wednesday,686,0,
2021-12-09,268888034.0,0.0,5286892.0,0.2599992826001375,263601142.0,697294.0,0.0,8565.0,2021,12,Dec,49,Thursday,687,0,
2021-12-10,269581599.0,0.0,5294954.0,0.2579382167672065,264286645.0,693565.0,0.0,8062.0,2021,12,Dec,49,Friday,688,0,
2021-12-11,270102238.0,0.0,5301315.0,0.1931285376788643,264800923.0,520639.0,0.0,6361.0,2021,12,Dec,49,Saturday,689,0,
2021-12-12,270557955.0,0.0,5305892.0,0.168720186613189,265252063.0,455717.0,0.0,4577.0,2021,12,Dec,49,Sunday,690,0,
2021-12-13,271168627.0,0.0,5312131.0,0.2257083884301239,265856496.0,610672.0,0.0,6239.0,2021,12,Dec,50,Monday,691,0,
2021-12-14,271806819.0,0.0,5319931.0,0.2353487595746096,266486888.0,638192.0,0.0,7800.0,2021,12,Dec,50,Tuesday,692,0,
2021-12-15,272546235.0,0.0,5329015.0,0.2720373251562905,267217220.0,739416.0,0.0,9084.0,2021,12,Dec,50,Wednesday,693,0,
2021-12-16,273288914.0,0.0,5336420.0,0.2724965178843875,267952494.0,742679.0,0.0,7405.0,2021,12,Dec,50,Thursday,694,0,
2021-12-17,274056452.0,0.0,5343698.0,0.2808522265926967,268712754.0,767538.0,0.0,7278.0,2021,12,Dec,50,Friday,695,0,
2021-12-18,274626704.0,0.0,5349753.0,0.2080782976786111,269276951.0,570252.0,0.0,6055.0,2021,12,Dec,50,Saturday,696,0,
2021-12-19,275139094.0,0.0,5354168.0,0.1865769033152726,269784926.0,512390.0,0.0,4415.0,2021,12,Dec,50,Sunday,697,0,
2021-12-20,275875635.0,0.0,5360781.0,0.2676976903907374,270514854.0,736541.0,0.0,6613.0,2021,12,Dec,51,Monday,698,0,
2021-12-21,276632039.0,0.0,5368447.0,0.2741829665385274,271263592.0,756404.0,0.0,7666.0,2021,12,Dec,51,Tuesday,699,0,
2021-12-22,277542581.0,0.0,5378823.0,0.3291527631042042,272163758.0,910542.0,0.0,10376.0,2021,12,Dec,51,Wednesday,700,0,
2021-12-23,278549328.0,0.0,5386072.0,0.362736051661925,273163256.0,1006747.0,0.0,7249.0,2021,12,Dec,51,Thursday,701,0,
2021-12-24,279441137.0,0.0,5392175.0,0.3201619642751391,274048962.0,891809.0,0.0,6103.0,2021,12,Dec,51,Friday,702,0,
2021-12-25,280143261.0,0.0,5396516.0,0.2512600712757621,274746745.0,702124.0,0.0,4341.0,2021,12,Dec,51,Saturday,703,0,
2021-12-26,280723328.0,0.0,5400289.0,0.2070608437730722,275323039.0,580067.0,0.0,3773.0,2021,12,Dec,51,Sunday,704,0,
2021-12-27,281991534.0,0.0,5406610.0,0.4517636667516281,276584924.0,1268206.0,0.0,6321.0,2021,12,Dec,52,Monday,705,0,
2021-12-28,283318084.0,0.0,5414187.0,0.4704219240851393,277903897.0,1326550.0,0.0,7577.0,2021,12,Dec,52,Tuesday,706,0,
2021-12-29,285014489.0,0.0,5422062.0,0.5987634026213449,279592427.0,1696405.0,0.0,7875.0,2021,12,Dec,52,Wednesday,707,0,
2021-12-30,286956973.0,0.0,5429648.0,0.6815386848631404,281527325.0,1942484.0,0.0,7586.0,2021,12,Dec,52,Thursday,708,0,
2021-12-31,288702918.0,0.0,5436385.0,0.6084344219786567,283266533.0,1745945.0,0.0,6737.0,2021,12,Dec,52,Friday,709,0,
2022-01-01,289928499.0,0.0,5440821.0,0.4245128551142666,284487678.0,1225581.0,0.0,4436.0,2022,1,Jan,52,Saturday,710,0,
2022-01-02,290848465.0,0.0,5444100.0,0.3173078890737126,285404365.0,919966.0,0.0,3279.0,2022,1,Jan,52,Sunday,711,0,
2022-01-03,293207625.0,0.0,5449830.0,0.811130290819998,287757795.0,2359160.0,0.0,5730.0,2022,1,Jan,1,Monday,712,0,
2022-01-04,295707620.0,0.0,5457794.0,0.8526364210344121,290249826.0,2499995.0,0.0,7964.0,2022,1,Jan,1,Tuesday,713,0,
2022-01-05,298281697.0,0.0,5465721.0,0.870480442810368,292815976.0,2574077.0,0.0,7927.0,2022,1,Jan,1,Wednesday,714,0,
2022-01-06,300939650.0,0.0,5473352.0,0.8910881984153389,295466298.0,2657953.0,0.0,7631.0,2022,1,Jan,1,Thursday,715,0,
2022-01-07,303883455.0,0.0,5480605.0,0.9782044340119356,298402850.0,2943805.0,0.0,7253.0,2022,1,Jan,1,Friday,716,0,
2022-01-08,306062481.0,0.0,5486154.0,0.7170597688511867,300576327.0,2179026.0,0.0,5549.0,2022,1,Jan,1,Saturday,717,0,
2022-01-09,308098481.0,0.0,5490156.0,0.6652236475858666,302608325.0,2036000.0,0.0,4002.0,2022,1,Jan,1,Sunday,718,0,
2022-01-10,311286657.0,0.0,5496572.0,1.034791210152055,305790085.0,3188176.0,0.0,6416.0,2022,1,Jan,2,Monday,719,0,
2022-01-11,314318499.0,0.0,5505829.0,0.9739710751559776,308812670.0,3031842.0,0.0,9257.0,2022,1,Jan,2,Tuesday,720,0,
2022-01-12,317771465.0,0.0,5515029.0,1.0985564040887077,312256436.0,3452966.0,0.0,9200.0,2022,1,Jan,2,Wednesday,721,0,
2022-01-13,320953420.0,0.0,5523359.0,1.0013344023825426,315430061.0,3181955.0,0.0,8330.0,2022,1,Jan,2,Thursday,722,0,
2022-01-14,324269276.0,0.0,5531354.0,1.0331268630818764,318737922.0,3315856.0,0.0,7995.0,2022,1,Jan,2,Friday,723,0,
2022-01-15,326766141.0,0.0,5537758.0,0.7699974017889996,321228383.0,2496865.0,0.0,6404.0,2022,1,Jan,2,Saturday,724,0,
2022-01-16,328944049.0,0.0,5542128.0,0.6665035714333695,323401921.0,2177908.0,0.0,4370.0,2022,1,Jan,2,Sunday,725,0,
2022-01-17,331605207.0,0.0,5548217.0,0.8090001956533344,326056990.0,2661158.0,0.0,6089.0,2022,1,Jan,3,Monday,726,0,
2022-01-18,335365768.0,0.0,5557505.0,1.134047632732136,329808263.0,3760561.0,0.0,9288.0,2022,1,Jan,3,Tuesday,727,0,
2022-01-19,339454794.0,0.0,5567559.0,1.2192735186973525,333887235.0,4089026.0,0.0,10054.0,2022,1,Jan,3,Wednesday,728,0,
2022-01-20,343160300.0,0.0,5577247.0,1.0916051461037843,337583053.0,3705506.0,0.0,9688.0,2022,1,Jan,3,Thursday,729,0,
2022-01-21,346995996.0,0.0,5587202.0,1.1177563371986796,341408794.0,3835696.0,0.0,9955.0,2022,1,Jan,3,Friday,730,0,
2022-01-22,349785095.0,0.0,5593449.0,0.8037842027433654,344191646.0,2789099.0,0.0,6247.0,2022,1,Jan,3,Saturday,731,0,
2022-01-23,352241709.0,0.0,5598467.0,0.7023209493817911,346643242.0,2456614.0,0.0,5018.0,2022,1,Jan,3,Sunday,732,0,
2022-01-24,355664142.0,0.0,5606968.0,0.971614920253524,350057174.0,3422433.0,0.0,8501.0,2022,1,Jan,4,Monday,733,0,
2022-01-25,359315173.0,0.0,5617692.0,1.0265389643918617,353697481.0,3651031.0,0.0,10724.0,2022,1,Jan,4,Tuesday,734,0,
2022-01-26,362977513.0,0.0,5628287.0,1.0192555937513943,357349226.0,3662340.0,0.0,10595.0,2022,1,Jan,4,Wednesday,735,0,
2022-01-27,366733894.0,0.0,5638821.0,1.0348798108603494,361095073.0,3756381.0,0.0,10534.0,2022,1,Jan,4,Thursday,736,0,
2022-01-28,370353940.0,0.0,5651060.0,0.9871042898478318,364702880.0,3620046.0,0.0,12239.0,2022,1,Jan,4,Friday,737,0,
2022-01-29,373094973.0,0.0,5659104.0,0.7401117428371357,367435869.0,2741033.0,0.0,8044.0,2022,1,Jan,4,Saturday,738,0,
2022-01-30,375411593.0,0.0,5664764.0,0.6209196498608411,369746829.0,2316620.0,0.0,5660.0,2022,1,Jan,4,Sunday,739,0,
2022-01-31,378898305.0,0.0,5674484.0,0.9287704655407378,373223821.0,3486712.0,0.0,9720.0,2022,1,Jan,5,Monday,740,0,
2022-02-01,382058803.0,0.0,5688480.0,0.8341283025797649,376370323.0,3160498.0,0.0,13996.0,2022,2,Feb,5,Tuesday,741,0,
2022-02-02,385247362.0,0.0,5700656.0,0.8345728393019124,379546706.0,3188559.0,0.0,12176.0,2022,2,Feb,5,Wednesday,742,0,
2022-02-03,388420043.0,0.0,5712365.0,0.8235438611517345,382707678.0,3172681.0,0.0,11709.0,2022,2,Feb,5,Thursday,743,0,
2022-02-04,391364751.0,0.0,5725509.0,0.7581246264369524,385639242.0,2944708.0,0.0,13144.0,2022,2,Feb,5,Friday,744,0,
2022-02-05,393664575.0,0.0,5733888.0,0.5876420894123906,387930687.0,2299824.0,0.0,8379.0,2022,2,Feb,5,Saturday,745,0,
2022-02-06,395536584.0,0.0,5739758.0,0.4755340253818876,389796826.0,1872009.0,0.0,5870.0,2022,2,Feb,5,Sunday,746,0,
2022-02-07,398132675.0,0.0,5750605.0,0.656346620013283,392382070.0,2596091.0,0.0,10847.0,2022,2,Feb,6,Monday,747,0,
2022-02-08,400757381.0,0.0,5763661.0,0.6592541041751974,394993720.0,2624706.0,0.0,13056.0,2022,2,Feb,6,Tuesday,748,0,
2022-02-09,403196058.0,0.0,5776954.0,0.60851705186685,397419104.0,2438677.0,0.0,13293.0,2022,2,Feb,6,Wednesday,749,0,
2022-02-10,405975896.0,0.0,5788716.0,0.6894506890243456,400187180.0,2779838.0,0.0,11762.0,2022,2,Feb,6,Thursday,750,0,
2022-02-11,408397574.0,0.0,5800898.0,0.5965078281396293,402596676.0,2421678.0,0.0,12182.0,2022,2,Feb,6,Friday,751,0,
2022-02-12,410316973.0,0.0,5809724.0,0.4699829583218826,404507249.0,1919399.0,0.0,8826.0,2022,2,Feb,6,Saturday,752,0,
2022-02-13,411834455.0,0.0,5814923.0,0.3698316423288685,406019532.0,1517482.0,0.0,5199.0,2022,2,Feb,6,Sunday,753,0,
2022-02-14,413533932.0,0.0,5825785.0,0.4126602277606909,407708147.0,1699477.0,0.0,10862.0,2022,2,Feb,7,Monday,754,0,
2022-02-15,415413492.0,0.0,5836502.0,0.4545116747517589,409576990.0,1879560.0,0.0,10717.0,2022,2,Feb,7,Tuesday,755,0,
2022-02-16,417650987.0,0.0,5849486.0,0.5386187601244304,411801501.0,2237495.0,0.0,12984.0,2022,2,Feb,7,Wednesday,756,0,
2022-02-17,419707976.0,0.0,5861869.0,0.4925138606220988,413846107.0,2056989.0,0.0,12383.0,2022,2,Feb,7,Thursday,757,0,
2022-02-18,421687213.0,0.0,5872514.0,0.4715747884667314,415814699.0,1979237.0,0.0,10645.0,2022,2,Feb,7,Friday,758,0,
2022-02-19,423315769.0,0.0,5881022.0,0.38619999606201,417434747.0,1628556.0,0.0,8508.0,2022,2,Feb,7,Saturday,759,0,
2022-02-20,424641031.0,0.0,5886415.0,0.3130670050706285,418754616.0,1325262.0,0.0,5393.0,2022,2,Feb,7,Sunday,760,0,
2022-02-21,426036968.0,0.0,5893583.0,0.3287334237844764,420143385.0,1395937.0,0.0,7168.0,2022,2,Feb,8,Monday,761,0,
2022-02-22,427749047.0,0.0,5903733.0,0.401861605587241,421845314.0,1712079.0,0.0,10150.0,2022,2,Feb,8,Tuesday,762,0,
2022-02-23,429676087.0,0.0,5915748.0,0.4505071404635999,423760339.0,1927040.0,0.0,12015.0,2022,2,Feb,8,Wednesday,763,0,
2022-02-24,431444205.0,0.0,5926525.0,0.4115002099244122,425517680.0,1768118.0,0.0,10777.0,2022,2,Feb,8,Thursday,764,0,
2022-02-25,433081005.0,0.0,5935378.0,0.3793769810861175,427145627.0,1636800.0,0.0,8853.0,2022,2,Feb,8,Friday,765,0,
2022-02-26,434510151.0,0.0,5941897.0,0.3299950779415966,428568254.0,1429146.0,0.0,6519.0,2022,2,Feb,8,Saturday,766,0,
2022-02-27,435657010.0,0.0,5946387.0,0.263942970575157,429710623.0,1146859.0,0.0,4490.0,2022,2,Feb,8,Sunday,767,0,
2022-02-28,437015803.0,0.0,5954001.0,0.3118951305294043,431061802.0,1358793.0,0.0,7614.0,2022,2,Feb,9,Monday,768,0,
2022-03-01,438639552.0,0.0,5962176.0,0.3715538405827397,432677376.0,1623749.0,0.0,8175.0,2022,3,Mar,9,Tuesday,769,0,
2022-03-02,440300042.0,0.0,5970165.0,0.378554554059001,434329877.0,1660490.0,0.0,7989.0,2022,3,Mar,9,Wednesday,770,0,
2022-03-03,442056325.0,0.0,5978342.0,0.3988832233633991,436077983.0,1756283.0,0.0,8177.0,2022,3,Mar,9,Thursday,771,0,
2022-03-04,443810172.0,0.0,5986924.0,0.3967474054352689,437823248.0,1753847.0,0.0,8582.0,2022,3,Mar,9,Friday,772,0,
2022-03-05,445279837.0,0.0,5992605.0,0.3311472094875734,439287232.0,1469665.0,0.0,5681.0,2022,3,Mar,9,Saturday,773,0,
2022-03-06,446492187.0,0.0,5996677.0,0.2722669879166345,440495510.0,1212350.0,0.0,4072.0,2022,3,Mar,9,Sunday,774,0,
2022-03-07,447915024.0,0.0,6004209.0,0.3186700778708139,441910815.0,1422837.0,0.0,7532.0,2022,3,Mar,10,Monday,775,0,
2022-03-08,449665818.0,0.0,6011475.0,0.3908763730148957,443654343.0,1750794.0,0.0,7266.0,2022,3,Mar,10,Tuesday,776,0,
2022-03-09,451505161.0,0.0,6019271.0,0.4090466578449154,445485890.0,1839343.0,0.0,7796.0,2022,3,Mar,10,Wednesday,777,0,
2022-03-10,453366072.0,0.0,6026792.0,0.4121571934811173,447339280.0,1860911.0,0.0,7521.0,2022,3,Mar,10,Thursday,778,0,
2022-03-11,455216502.0,0.0,6033268.0,0.4081536123417722,449183234.0,1850430.0,0.0,6476.0,2022,3,Mar,10,Friday,779,0,
2022-03-12,456964861.0,0.0,6037979.0,0.3840719728565552,450926882.0,1748359.0,0.0,4711.0,2022,3,Mar,10,Saturday,780,0,
2022-03-13,458246184.0,0.0,6041327.0,0.2803985840828142,452204857.0,1281323.0,0.0,3348.0,2022,3,Mar,10,Sunday,781,0,
2022-03-14,459875566.0,0.0,6046593.0,0.355569136610639,453828973.0,1629382.0,0.0,5266.0,2022,3,Mar,11,Monday,782,0,
2022-03-15,461678072.0,0.0,6051908.0,0.3919551577132497,455626164.0,1802506.0,0.0,5315.0,2022,3,Mar,11,Tuesday,783,0,
2022-03-16,463901519.0,0.0,6058692.0,0.4816011707829173,457842827.0,2223447.0,0.0,6784.0,2022,3,Mar,11,Wednesday,784,0,
2022-03-17,465954428.0,0.0,6065766.0,0.4425312088706483,459888662.0,2052909.0,0.0,7074.0,2022,3,Mar,11,Thursday,785,0,
2022-03-18,467868149.0,0.0,6071185.0,0.4107099074504342,461796964.0,1913721.0,0.0,5419.0,2022,3,Mar,11,Friday,786,0,
2022-03-19,469577252.0,0.0,6075019.0,0.3652958645834213,463502233.0,1709103.0,0.0,3834.0,2022,3,Mar,11,Saturday,787,0,
2022-03-20,470647389.0,0.0,6078084.0,0.2278937055494332,464569305.0,1070137.0,0.0,3065.0,2022,3,Mar,11,Sunday,788,0,
2022-03-21,472118029.0,0.0,6094399.0,0.3124717217968036,466023630.0,1470640.0,0.0,16315.0,2022,3,Mar,12,Monday,789,0,
2022-03-22,474093465.0,0.0,6099303.0,0.4184199455767871,467994162.0,1975436.0,0.0,4904.0,2022,3,Mar,12,Tuesday,790,0,
2022-03-23,475866103.0,0.0,6105144.0,0.3739005345707518,469760959.0,1772638.0,0.0,5841.0,2022,3,Mar,12,Wednesday,791,0,
2022-03-24,477617482.0,0.0,6110404.0,0.3680402930485679,471507078.0,1751379.0,0.0,5260.0,2022,3,Mar,12,Thursday,792,0,
2022-03-25,479458583.0,0.0,6119371.0,0.3854760492204931,473339212.0,1841101.0,0.0,8967.0,2022,3,Mar,12,Friday,793,0,
2022-03-26,480815100.0,0.0,6122298.0,0.2829268362477098,474692802.0,1356517.0,0.0,2927.0,2022,3,Mar,12,Saturday,794,0,
2022-03-27,481727049.0,0.0,6124662.0,0.1896672962226019,475602387.0,911949.0,0.0,2364.0,2022,3,Mar,12,Sunday,795,0,
2022-03-28,483219734.0,0.0,6128734.0,0.3098611554195704,477091000.0,1492685.0,0.0,4072.0,2022,3,Mar,13,Monday,796,0,
2022-03-29,484968478.0,0.0,6133504.0,0.3618941605559511,478834974.0,1748744.0,0.0,4770.0,2022,3,Mar,13,Tuesday,797,0,
2022-03-30,486560758.0,0.0,6138489.0,0.3283264938303887,480422269.0,1592280.0,0.0,4985.0,2022,3,Mar,13,Wednesday,798,0,
2022-03-31,488406809.0,0.0,6143294.0,0.3794081149470751,482263515.0,1846051.0,0.0,4805.0,2022,3,Mar,13,Thursday,799,0,
2022-04-01,489571518.0,0.0,6147833.0,0.2384710815937867,483423685.0,1164709.0,0.0,4539.0,2022,4,Apr,13,Friday,800,0,
2022-04-02,490616434.0,0.0,6150482.0,0.2134348019812704,484465952.0,1044916.0,0.0,2649.0,2022,4,Apr,13,Saturday,801,0,
2022-04-03,491405149.0,0.0,6152101.0,0.160760004219508,485253048.0,788715.0,0.0,1619.0,2022,4,Apr,13,Sunday,802,0,
2022-04-04,492310289.0,0.0,6155027.0,0.184194244167352,486155262.0,905140.0,0.0,2926.0,2022,4,Apr,14,Monday,803,0,
2022-04-05,493669057.0,0.0,6159243.0,0.2759982942383721,487509814.0,1358768.0,0.0,4216.0,2022,4,Apr,14,Tuesday,804,0,
2022-04-06,495122641.0,0.0,6166840.0,0.2944450293954721,488955801.0,1453584.0,0.0,7597.0,2022,4,Apr,14,Wednesday,805,0,
2022-04-07,496338419.0,0.0,6170907.0,0.2455508795850036,490167512.0,1215778.0,0.0,4067.0,2022,4,Apr,14,Thursday,806,0,
2022-04-08,497531675.0,0.0,6175012.0,0.240411774370422,491356663.0,1193256.0,0.0,4105.0,2022,4,Apr,14,Friday,807,0,
2022-04-09,498299996.0,0.0,6177309.0,0.1544265498272044,492122687.0,768321.0,0.0,2297.0,2022,4,Apr,14,Saturday,808,0,
2022-04-10,498868313.0,0.0,6178789.0,0.1140511749070935,492689524.0,568317.0,0.0,1480.0,2022,4,Apr,14,Sunday,809,0,
2022-04-11,499843502.0,0.0,6181737.0,0.1954802449038289,493661765.0,975189.0,0.0,2948.0,2022,4,Apr,15,Monday,810,0,
2022-04-12,500880363.0,0.0,6185040.0,0.2074371269909997,494695323.0,1036861.0,0.0,3303.0,2022,4,Apr,15,Tuesday,811,0,
2022-04-13,501920234.0,0.0,6189593.0,0.2076086580379674,495730641.0,1039871.0,0.0,4553.0,2022,4,Apr,15,Wednesday,812,0,
2022-04-14,502892186.0,0.0,6193401.0,0.1936467060222162,496698785.0,971952.0,0.0,3808.0,2022,4,Apr,15,Thursday,813,0,
2022-04-15,503606396.0,0.0,6195647.0,0.1420205005929442,497410749.0,714210.0,0.0,2246.0,2022,4,Apr,15,Friday,814,0,
2022-04-16,504155459.0,0.0,6197159.0,0.1090262165772811,497958300.0,549063.0,0.0,1512.0,2022,4,Apr,15,Saturday,815,0,
2022-04-17,504155459.0,,,,,0.0,,,2022,4,Apr,15,Sunday,816,1,504155459.0
2022-04-18,504155459.0,,,,,0.0,,,2022,4,Apr,16,Monday,817,1,504155459.0
2022-04-19,504155459.0,,,,,0.0,,,2022,4,Apr,16,Tuesday,818,1,504155459.0
2022-04-20,504155459.0,,,,,0.0,,,2022,4,Apr,16,Wednesday,819,1,504155459.0
2022-04-21,504155459.0,,,,,0.0,,,2022,4,Apr,16,Thursday,820,1,504155459.0
2022-04-22,504155459.0,,,,,0.0,,,2022,4,Apr,16,Friday,821,1,504155459.0
2022-04-23,504155459.0,,,,,0.0,,,2022,4,Apr,16,Saturday,822,1,504155459.0
2022-04-24,504155459.0,,,,,0.0,,,2022,4,Apr,16,Sunday,823,1,504155459.0
2022-04-25,504155459.0,,,,,0.0,,,2022,4,Apr,17,Monday,824,1,504155459.0
2022-04-26,504155459.0,,,,,0.0,,,2022,4,Apr,17,Tuesday,825,1,504155459.0
2022-04-27,504155459.0,,,,,0.0,,,2022,4,Apr,17,Wednesday,826,1,504155459.0
2022-04-28,504155459.0,,,,,0.0,,,2022,4,Apr,17,Thursday,827,1,504155459.0
2022-04-29,504155459.0,,,,,0.0,,,2022,4,Apr,17,Friday,828,1,504155459.0
2022-04-30,504155459.0,,,,,0.0,,,2022,4,Apr,17,Saturday,829,1,504155459.0
2022-05-01,504155459.0,,,,,0.0,,,2022,5,May,17,Sunday,830,1,504155459.0
2022-05-02,504155459.0,,,,,0.0,,,2022,5,May,18,Monday,831,1,504155459.0
2022-05-03,504155459.0,,,,,0.0,,,2022,5,May,18,Tuesday,832,1,504155459.0
2022-05-04,504155459.0,,,,,0.0,,,2022,5,May,18,Wednesday,833,1,504155459.0
2022-05-05,504155459.0,,,,,0.0,,,2022,5,May,18,Thursday,834,1,504155459.0
2022-05-06,504155459.0,,,,,0.0,,,2022,5,May,18,Friday,835,1,504155459.0
2022-05-07,504155459.0,,,,,0.0,,,2022,5,May,18,Saturday,836,1,504155459.0
2022-05-08,504155459.0,,,,,0.0,,,2022,5,May,18,Sunday,837,1,504155459.0
2022-05-09,504155459.0,,,,,0.0,,,2022,5,May,19,Monday,838,1,504155459.0
2022-05-10,504155459.0,,,,,0.0,,,2022,5,May,19,Tuesday,839,1,504155459.0
2022-05-11,504155459.0,,,,,0.0,,,2022,5,May,19,Wednesday,840,1,504155459.0
2022-05-12,504155459.0,,,,,0.0,,,2022,5,May,19,Thursday,841,1,504155459.0
2022-05-13,504155459.0,,,,,0.0,,,2022,5,May,19,Friday,842,1,504155459.0
2022-05-14,504155459.0,,,,,0.0,,,2022,5,May,19,Saturday,843,1,504155459.0
2022-05-15,504155459.0,,,,,0.0,,,2022,5,May,19,Sunday,844,1,504155459.0
2022-05-16,504155459.0,,,,,0.0,,,2022,5,May,20,Monday,845,1,504155459.0
